gnid,net_name,net_type,center_longitude,center_latitude,point_total,point_code,point_name,point_longitude,point_latitude,address,point_page_no
GC2000000001,基本网,基准网,36.2630,94.5248,65,A034,五台,113.1905**,38.4459**,茹村乡北阳村,1
GC2000000001,基本网,基准网,36.2630,94.5248,65,JB02,北戴河,119.2719**,39.4938**,河北省秦皇岛市北戴河区北岭路72号,1
GC2000000001,基本网,基准网,36.2630,94.5248,65,JB03,青岛,120.2506**,36.0317**,山东省青岛市崂山区国家科委青岛培训中心,1
GC2000000001,基本网,基准网,36.2630,94.5248,65,JB04,溧水,119.0221**,31.3994**,江苏省溧水县地震台,1
GC2000000001,基本网,基准网,36.2630,94.5248,65,C043,长治,113.1017**,36.1397**,老顶山乡,1
GC2000000001,基本网,基准网,36.2630,94.5248,65,D021,兴县,111.0175**,38.2932**,蔡家崖乡旭谷村,1
GC2000000001,基本网,基准网,36.2630,94.5248,65,D067,彬县,108.0519**,35.0330**,城关镇朱家湾村,1
GC2000000001,基本网,基准网,36.2630,94.5248,65,D092,阿左旗,105.4096**,38.4839**,巴彦浩特镇鹿圈山,1
GC2000000001,基本网,基准网,36.2630,94.5248,65,JB10,双鸭山,131.1065**,46.3986**,黑龙江省双鸭山军分区,1
GC2000000001,基本网,基准网,36.2630,94.5248,65,JB11,绥化,126.5878**,46.3993**,绥化市北林区秀水嘉园院内,1
GC2000000001,基本网,基准网,36.2630,94.5248,65,E015,延吉,129.2976**,43.0003**,延边地震台,1
GC2000000001,基本网,基准网,36.2630,94.5248,65,JB13,加格达奇,124.0656**,50.2361**,黑龙江省加格达奇市,1
GC2000000001,基本网,基准网,36.2630,94.5248,65,E023,乌兰浩特,122.1005**,46.0364**,乌兰哈达镇,1
GC2000000001,基本网,基准网,36.2630,94.5248,65,E027,库伦旗,121.4547**,42.4568**,,1
GC2000000001,基本网,基准网,36.2630,94.5248,65,JB16,大连,121.4429**,39.0585**,辽宁省大连市金州区金州地震台,1
GC2000000001,基本网,基准网,36.2630,94.5248,65,E060,锡林浩特,116.0604**,43.5429**,,2
GC2000000001,基本网,基准网,36.2630,94.5248,65,E065,四子王旗,111.4285**,41.3024**,乌兰花镇地震台,2
GC2000000001,基本网,基准网,36.2630,94.5248,65,JB20,宜昌,111.1840**,30.4778**,湖北省宜昌市夷陵区森林公园,2
GC2000000001,基本网,基准网,36.2630,94.5248,65,JB21,桂林,110.1803**,25.1195**,广西桂林市雁山区二塘乡谭南村,2
GC2000000001,基本网,基准网,36.2630,94.5248,65,JB22,吉安,115.0270**,27.0316**,江西省吉安市青原区河东街道山前村,2
GC2000000001,基本网,基准网,36.2630,94.5248,65,F070,勉县,106.4081**,33.0626**,杨家山乡,2
GC2000000001,基本网,基准网,36.2630,94.5248,65,F071,南充,106.0145**,30.4832**,新建乡父子桥村,2
GC2000000001,基本网,基准网,36.2630,94.5248,65,JB25,贵阳花溪,106.3903**,26.2575**,贵州省贵阳花溪区花溪乡洛平村,2
GC2000000001,基本网,基准网,36.2630,94.5248,65,JB26,凭祥,106.4966**,22.0640**,广西凭祥市上石镇燕安村马约屯,2
GC2000000001,基本网,基准网,36.2630,94.5248,65,G029,通渭,105.2296**,35.0811**,碧玉乡碧玉村下店社,2
GC2000000001,基本网,基准网,36.2630,94.5248,65,JB28,安西,95.4800**,40.3078**,地震台院内,2
GC2000000001,基本网,基准网,36.2630,94.5248,65,G140,高台,99.4892**,39.2459**,合黎乡六四村,2
GC2000000001,基本网,基准网,36.2630,94.5248,65,JB30,格尔木,94.5298**,36.2566**,青海省格尔木知青路53号,2
GC2000000001,基本网,基准网,36.2630,94.5248,65,JB31,冷湖,93.2417**,38.4836**,青海省海西州冷湖镇,2
GC2000000001,基本网,基准网,36.2630,94.5248,65,JB32,索尔库里,90.5890**,38.3548**,青海省海西州茫崖镇,2
GC2000000001,基本网,基准网,36.2630,94.5248,65,JB33,九寨沟,103.5319**,33.1623**,四川省九寨沟县九寨沟镇彭丰村,3
GC2000000001,基本网,基准网,36.2630,94.5248,65,JB34,马尔康,102.1899**,31.4264**,四川省马尔康县卓克基乡纳足村,3
GC2000000001,基本网,基准网,36.2630,94.5248,65,JB35,乾宁,101.2920**,30.2938**,四川省道孚县八美镇曲儿村,3
GC2000000001,基本网,基准网,36.2630,94.5248,65,JB36,马边,103.3108**,28.5023**,四川省马边县水碾坝乡,3
GC2000000001,基本网,基准网,36.2630,94.5248,65,JB37,盐源,101.3022**,27.2539**,四川省盐源县地震台,3
GC2000000001,基本网,基准网,36.2630,94.5248,65,JB40,理塘,100.1659**,29.5985**,四川省理塘县高城镇,3
GC2000000001,基本网,基准网,36.2630,94.5248,65,JB43,哈密,93.3700**,42.4813**,新疆哈密市陶家宫乡兰天造纸厂,3
GC2000000001,基本网,基准网,36.2630,94.5248,65,JB44,阿勒泰,88.0868**,47.5132**,新疆阿勒泰市园林路14号,3
GC2000000001,基本网,基准网,36.2630,94.5248,65,JB45,库尔勒,86.1124**,41.4734**,新疆库尔勒市铁门关,3
GC2000000001,基本网,基准网,36.2630,94.5248,65,JB46,且末,85.3201**,38.0470**,新疆且末县农二师建筑支队子弟学校,3
GC2000000001,基本网,基准网,36.2630,94.5248,65,JB47,新源,83.1583**,43.2329**,新疆新源县新源镇牧业十村,3
GC2000000001,基本网,基准网,36.2630,94.5248,65,JB48,喀什,75.5522**,39.3146**,新疆喀什市地震台,3
GC2000000001,基本网,基准网,36.2630,94.5248,65,JB49,玉树,96.5997**,32.5995**,青海省玉树县结古镇西同村,3
GC2000000001,基本网,基准网,36.2630,94.5248,65,JB50,然乌,96.5267**,29.2373**,西藏自治区八宿县然乌乡无日德村,3
GC2000000001,基本网,基准网,36.2630,94.5248,65,JB51,五道梁,93.0359**,35.0598**,青海省曲玛莱县曲玛乡,3
GC2000000001,基本网,基准网,36.2630,94.5248,65,JB52,唐古拉山,91.5944**,32.5925**,西藏自治区安多县多玛乡,4
GC2000000001,基本网,基准网,36.2630,94.5248,65,JB53,尼玛,87.4527**,31.5376**,西藏自治区双湖办事处南错折乡,4
GC2000000001,基本网,基准网,36.2630,94.5248,65,JB54,珠峰北,86.5871**,28.2328**,西藏定日县扎西宗乡,4
GC2000000001,基本网,基准网,36.2630,94.5248,65,JB55,甜水海,79.3434**,35.2713**,新疆维吾尔自治区和田县,4
GC2000000001,基本网,基准网,36.2630,94.5248,65,JB56,狮泉河,79.4817**,32.2520**,西藏自治区噶尔县,4
GC2000000001,基本网,基准网,36.2630,94.5248,65,JBN1,温州,120.4641**,27.5850**,浙江省温州市龙湾区瑶溪镇永胜村,4
GC2000000001,基本网,基准网,36.2630,94.5248,65,JB24,南充,106.0213**,30.4802**,四川南充顺庆区新建乡父子桥村,4
GC2000000001,基本网,基准网,36.2630,94.5248,65,JB08,彬县,108.0537**,35.0388**,城关镇朱家湾村,4
GC2000000001,基本网,基准网,36.2630,94.5248,65,JB09,阿左旗,105.4071**,38.4854**,内蒙古阿拉善左旗巴彦浩特镇鹿圈山,4
GC2000000001,基本网,基准网,36.2630,94.5248,65,JB27,通渭,105.2262**,35.0806**,碧玉乡碧玉村下店社,4
GC2000000001,基本网,基准网,36.2630,94.5248,65,JB29,高台,99.4820**,39.2440**,合黎乡六四村,4
GC2000000001,基本网,基准网,36.2630,94.5248,65,JB23,勉县,106.4096**,33.0644**,陕西省勉县杨家山乡,4
GC2000000001,基本网,基准网,36.2630,94.5248,65,JB01,五台,113.1920**,38.4422**,山西省五台县茹村乡北阳村,4
GC2000000001,基本网,基准网,36.2630,94.5248,65,JB05,长治,113.1058**,36.1372**,山西省长治市老顶山乡,4
GC2000000001,基本网,基准网,36.2630,94.5248,65,JB07,兴县,111.0102**,38.2904**,山西省兴县蔡家崖乡旭谷村,4
GC2000000001,基本网,基准网,36.2630,94.5248,65,JB12,延吉,129.2935**,43.0034**,吉林省延吉市延边地震台,5
GC2000000001,基本网,基准网,36.2630,94.5248,65,JB14,乌兰浩特,122.1094**,46.0329**,内蒙古乌兰浩特市乌兰哈达镇,5
GC2000000001,基本网,基准网,36.2630,94.5248,65,JB15,库伦旗,121.4517**,42.4552**,内蒙古库伦旗,5
GC2000000001,基本网,基准网,36.2630,94.5248,65,JB17,锡林浩特,116.0665**,43.5467**,内蒙古自治区锡林浩特市,5
GC2000000001,基本网,基准网,36.2630,94.5248,65,JB18,四子王旗,111.4289**,41.3007**,内蒙古四子王旗乌兰花镇地震台,5
GC2000000002,区域网,区域网,,,1,D056,成吉思汗陵,109.4756**,39.2157**,内蒙古伊金霍洛旗,1
GC2000000003,8级地震形变网,区域网,35.5292,92.0732,0,,,,,,
GC2000000004,阿尔金-祁连山-阿拉善,区域网,36.1686,105.5975,233,G001,头道湖,105.0784**,38.0267**,内蒙古阿拉善左旗头道湖,1
GC2000000004,阿尔金-祁连山-阿拉善,区域网,36.1686,105.5975,233,G002,鸣沙洲,105.5392**,37.3247**,宁夏中宁县鸣沙镇鸣沙村14队（原养马村8,1
GC2000000004,阿尔金-祁连山-阿拉善,区域网,36.1686,105.5975,233,G003,余丁,105.3216**,37.3197**,宁夏中宁县余丁乡黄羊村,1
GC2000000004,阿尔金-祁连山-阿拉善,区域网,36.1686,105.5975,233,G004,中卫,105.1076**,37.3497**,宁夏中卫市东园镇红武村,1
GC2000000004,阿尔金-祁连山-阿拉善,区域网,36.1686,105.5975,233,G005,长山头,105.4078**,37.2174**,宁夏中宁县长山头乡,1
GC2000000004,阿尔金-祁连山-阿拉善,区域网,36.1686,105.5975,233,G006,红泉,105.1392**,37.1438**,宁夏回族自治区中卫市沙坡头区常乐镇红泉村,1
GC2000000004,阿尔金-祁连山-阿拉善,区域网,36.1686,105.5975,233,G007,同心,105.5251**,36.5810**,宁夏同心县丁塘乡杨河湾村,1
GC2000000004,阿尔金-祁连山-阿拉善,区域网,36.1686,105.5975,233,G008,兴仁堡,105.1609**,36.5578**,宁夏海原县兴仁堡镇兴仁堡村,1
GC2000000004,阿尔金-祁连山-阿拉善,区域网,36.1686,105.5975,233,G009,予旺,106.2175**,36.5028**,宁夏同心县予旺镇李家岗子,1
GC2000000004,阿尔金-祁连山-阿拉善,区域网,36.1686,105.5975,233,G010,李旺堡,106.0633**,36.3777**,宁夏海原县李旺镇红圈子,1
GC2000000004,阿尔金-祁连山-阿拉善,区域网,36.1686,105.5975,233,G011,干盐池,105.1434**,36.3929**,宁夏自治区海原县盐池乡干盐池,1
GC2000000004,阿尔金-祁连山-阿拉善,区域网,36.1686,105.5975,233,G012,海原,105.3783**,36.3016**,宁夏自治区海原县海城镇山门村,1
GC2000000004,阿尔金-祁连山-阿拉善,区域网,36.1686,105.5975,233,G013,寺口子,105.5904**,36.1675**,宁夏固原县黄铎乡须弥山石窟区,1
GC2000000004,阿尔金-祁连山-阿拉善,区域网,36.1686,105.5975,233,G014,种田,105.1747**,36.3034**,甘肃省白银市平川区种田乡五星村,1
GC2000000004,阿尔金-祁连山-阿拉善,区域网,36.1686,105.5975,233,G015,红羊,105.3600**,36.1613**,宁夏海原县红羊乡拐沟村,1
GC2000000004,阿尔金-祁连山-阿拉善,区域网,36.1686,105.5975,233,G016,王洼,106.3838**,36.0610**,宁夏彭阳县王洼镇王洼村高建堡队,2
GC2000000004,阿尔金-祁连山-阿拉善,区域网,36.1686,105.5975,233,G017,固原,106.1376**,36.0102**,宁夏回族自治区固原市清河镇明家庄,2
GC2000000004,阿尔金-祁连山-阿拉善,区域网,36.1686,105.5975,233,G018,西吉,105.4822**,35.5752**,宁夏西吉县夏寨乡水管站,2
GC2000000004,阿尔金-祁连山-阿拉善,区域网,36.1686,105.5975,233,G019,河畔,104.5739**,36.0565**,甘肃省会宁县河畔乡中滩村,2
GC2000000004,阿尔金-祁连山-阿拉善,区域网,36.1686,105.5975,233,G020,六盘山,106.1271**,35.4040**,宁夏隆德县六盘山顶,2
GC2000000004,阿尔金-祁连山-阿拉善,区域网,36.1686,105.5975,233,G021,会宁,105.0058**,35.4348**,甘肃省会宁县柴家门乡廿里铺村,2
GC2000000004,阿尔金-祁连山-阿拉善,区域网,36.1686,105.5975,233,G022,隆德,106.0705**,35.3634**,宁夏隆德县城关红旗村,2
GC2000000004,阿尔金-祁连山-阿拉善,区域网,36.1686,105.5975,233,G023,界石铺,105.3008**,35.3608**,甘肃省会宁县杨集乡罐子峡村,2
GC2000000004,阿尔金-祁连山-阿拉善,区域网,36.1686,105.5975,233,G024,平凉,106.3412**,35.2779**,甘肃省平凉市麻武乡麻武村张沟石湾组,2
GC2000000004,阿尔金-祁连山-阿拉善,区域网,36.1686,105.5975,233,G025,泾源,106.2461**,35.2707**,园子乡园子村,2
GC2000000004,阿尔金-祁连山-阿拉善,区域网,36.1686,105.5975,233,G026,华家岭,105.0156**,35.2426**,甘肃省通渭县华家岭乡老站村,2
GC2000000004,阿尔金-祁连山-阿拉善,区域网,36.1686,105.5975,233,G027,华亭,106.3138**,35.1438**,甘肃省华亭县马峡乡马峡村,2
GC2000000004,阿尔金-祁连山-阿拉善,区域网,36.1686,105.5975,233,G028,庄浪,106.0047**,35.1034**,甘肃省庄浪县城南水浴乡郭堡村,2
GC2000000004,阿尔金-祁连山-阿拉善,区域网,36.1686,105.5975,233,G030,莲花城,105.4713**,35.0440**,甘肃省庄浪县万泉乡徐家城村,2
GC2000000004,阿尔金-祁连山-阿拉善,区域网,36.1686,105.5975,233,G031,张家川,106.1295**,35.0090**,城北,2
GC2000000004,阿尔金-祁连山-阿拉善,区域网,36.1686,105.5975,233,G032,陇县,106.4940**,34.5309**,陕西省陇县城西晁家坡村,3
GC2000000004,阿尔金-祁连山-阿拉善,区域网,36.1686,105.5975,233,G033,秦安,105.3981**,34.5200**,甘肃省秦安县西川乡张家坡村,3
GC2000000004,阿尔金-祁连山-阿拉善,区域网,36.1686,105.5975,233,G034,清水,106.0981**,34.4412**,甘肃省清水县永清镇祝英台塬,3
GC2000000004,阿尔金-祁连山-阿拉善,区域网,36.1686,105.5975,233,G035,甘谷,105.2287**,34.4782**,甘肃省甘谷县八里湾乡椿树岘村,3
GC2000000004,阿尔金-祁连山-阿拉善,区域网,36.1686,105.5975,233,G036,吴砦,106.2445**,34.3047**,甘肃省天水市北道区吴砦乡和风村,3
GC2000000004,阿尔金-祁连山-阿拉善,区域网,36.1686,105.5975,233,G037,天水,105.4128**,34.3552**,甘肃省天水市秦城区玉泉乡盐池村,3
GC2000000004,阿尔金-祁连山-阿拉善,区域网,36.1686,105.5975,233,G038,宝鸡,107.0850**,34.2560**,陕西省宝鸡市金河乡兴隆村,3
GC2000000004,阿尔金-祁连山-阿拉善,区域网,36.1686,105.5975,233,G039,娘娘坝,105.4816**,34.1564**,娘娘坝乡大桥村,3
GC2000000004,阿尔金-祁连山-阿拉善,区域网,36.1686,105.5975,233,G040,额济纳旗,101.0331**,41.5792**,内蒙古额济纳旗,3
GC2000000004,阿尔金-祁连山-阿拉善,区域网,36.1686,105.5975,233,G041,臭水墩,99.0458**,40.1654**,甘肃省金塔县大庄子乡,3
GC2000000004,阿尔金-祁连山-阿拉善,区域网,36.1686,105.5975,233,G042,巴音毛道,104.3032**,40.4457**,内蒙古阿拉善左旗乌力吉,3
GC2000000004,阿尔金-祁连山-阿拉善,区域网,36.1686,105.5975,233,G043,巴彦诺尔公,104.4813**,40.0923**,内蒙古阿拉善左旗巴彦诺尔公,3
GC2000000004,阿尔金-祁连山-阿拉善,区域网,36.1686,105.5975,233,G044,芦泉,100.0998**,39.4313**,内蒙古阿拉善右旗努日盖苏木,3
GC2000000004,阿尔金-祁连山-阿拉善,区域网,36.1686,105.5975,233,G045,三个井,100.4716**,39.3684**,内蒙古阿拉善右旗努日盖苏木,3
GC2000000004,阿尔金-祁连山-阿拉善,区域网,36.1686,105.5975,233,G046,雅布赖盐场,102.4654**,39.2449**,内蒙古阿拉善右旗雅布赖镇,3
GC2000000004,阿尔金-祁连山-阿拉善,区域网,36.1686,105.5975,233,G047,阿拉善右旗,101.3960**,39.1243**,内蒙古阿拉善右旗,4
GC2000000004,阿尔金-祁连山-阿拉善,区域网,36.1686,105.5975,233,G048,临泽,100.1801**,39.1486**,甘肃临泽县板桥乡古城村,4
GC2000000004,阿尔金-祁连山-阿拉善,区域网,36.1686,105.5975,233,G049,青山,102.3365**,39.0752**,甘肃省民勤县花儿园乡红沙岗村,4
GC2000000004,阿尔金-祁连山-阿拉善,区域网,36.1686,105.5975,233,G050,泉山,103.2177**,38.5056**,甘肃省民勤县泉山乡永宁村,4
GC2000000004,阿尔金-祁连山-阿拉善,区域网,36.1686,105.5975,233,G051,张掖,100.4343**,38.5240**,甘肃省张掖市碱滩乡甲子墩村,4
GC2000000004,阿尔金-祁连山-阿拉善,区域网,36.1686,105.5975,233,G052,山丹,101.1113**,38.4354**,甘肃山丹县位奇乡二十里铺村,4
GC2000000004,阿尔金-祁连山-阿拉善,区域网,36.1686,105.5975,233,G053,民勤,103.1156**,38.3263**,甘肃省民勤县羊路乡肖家案村,4
GC2000000004,阿尔金-祁连山-阿拉善,区域网,36.1686,105.5975,233,G054,花寨,100.2063**,38.3682**,甘肃省张掖市花寨乡花寨村,4
GC2000000004,阿尔金-祁连山-阿拉善,区域网,36.1686,105.5975,233,G055,军马场,101.2133**,38.0958**,甘肃省山丹县军马场一分场,4
GC2000000004,阿尔金-祁连山-阿拉善,区域网,36.1686,105.5975,233,G056,香家湾,102.5367**,38.2573**,甘肃省民勤县重兴乡黑山村,4
GC2000000004,阿尔金-祁连山-阿拉善,区域网,36.1686,105.5975,233,G057,河西堡,102.0974**,38.2511**,甘肃省金昌市宁远堡乡山湾村,4
GC2000000004,阿尔金-祁连山-阿拉善,区域网,36.1686,105.5975,233,G058,水泉子,101.4447**,38.1867**,甘肃省永昌县红山窑乡马家坪村,4
GC2000000004,阿尔金-祁连山-阿拉善,区域网,36.1686,105.5975,233,G059,民乐,100.4907**,38.2043**,甘肃省民乐县永固镇邓庄村,4
GC2000000004,阿尔金-祁连山-阿拉善,区域网,36.1686,105.5975,233,G060,永昌,102.0619**,38.1618**,甘肃省永昌县红光园艺场,4
GC2000000004,阿尔金-祁连山-阿拉善,区域网,36.1686,105.5975,233,G061,九坝,102.1587**,38.0809**,甘肃省永昌县六坝乡九坝村,4
GC2000000004,阿尔金-祁连山-阿拉善,区域网,36.1686,105.5975,233,G063,武威,102.3800**,37.4620**,甘肃省武威市古城乡小河村,5
GC2000000004,阿尔金-祁连山-阿拉善,区域网,36.1686,105.5975,233,G064,西营,102.1954**,37.5755**,甘肃省武威市西营镇二沟村,5
GC2000000004,阿尔金-祁连山-阿拉善,区域网,36.1686,105.5975,233,G065,峨堡,100.5622**,37.5882**,青海省祁连县峨堡乡峨堡村,5
GC2000000004,阿尔金-祁连山-阿拉善,区域网,36.1686,105.5975,233,G066,张义,102.3797**,37.3009**,甘肃省武威市张义镇康庄村,5
GC2000000004,阿尔金-祁连山-阿拉善,区域网,36.1686,105.5975,233,G067,营盘水,104.1959**,37.2717**,宁夏中卫市干塘镇营盘水村,5
GC2000000004,阿尔金-祁连山-阿拉善,区域网,36.1686,105.5975,233,G068,民权,103.2349**,37.3345**,甘肃省古浪县民权乡吴家湾,5
GC2000000004,阿尔金-祁连山-阿拉善,区域网,36.1686,105.5975,233,G069,古浪,102.5024**,37.2671**,甘肃省古浪县古丰乡古丰村,5
GC2000000004,阿尔金-祁连山-阿拉善,区域网,36.1686,105.5975,233,G070,青石咀,101.2451**,37.2745**,青海省门源县,5
GC2000000004,阿尔金-祁连山-阿拉善,区域网,36.1686,105.5975,233,G071,热水,100.2545**,37.3644**,青海省热水煤矿,5
GC2000000004,阿尔金-祁连山-阿拉善,区域网,36.1686,105.5975,233,G072,景泰,104.0581**,37.1427**,甘肃省景泰县草窝滩乡村白井村,5
GC2000000004,阿尔金-祁连山-阿拉善,区域网,36.1686,105.5975,233,G073,天祝,102.5812**,37.0879**,甘肃省天祝县打柴沟镇石板沟村,5
GC2000000004,阿尔金-祁连山-阿拉善,区域网,36.1686,105.5975,233,G074,仙米,102.0061**,37.1910**,青海省门源县仙米乡讨拉村,5
GC2000000004,阿尔金-祁连山-阿拉善,区域网,36.1686,105.5975,233,G075,刚察,100.0980**,37.1863**,青海刚察县城南东2公里,5
GC2000000004,阿尔金-祁连山-阿拉善,区域网,36.1686,105.5975,233,G076,哈尔盖,100.2862**,37.1344**,青海刚察县哈尔盖乡,5
GC2000000004,阿尔金-祁连山-阿拉善,区域网,36.1686,105.5975,233,G077,水泉,104.3793**,36.5477**,甘肃省白银市平川区水泉乡砂流水村,5
GC2000000004,阿尔金-祁连山-阿拉善,区域网,36.1686,105.5975,233,G078,大水,104.0749**,36.5059**,甘肃省景泰县中泉乡大水村,6
GC2000000004,阿尔金-祁连山-阿拉善,区域网,36.1686,105.5975,233,G079,武胜驿,103.0903**,36.5358**,甘肃省永登县武胜驿镇,6
GC2000000004,阿尔金-祁连山-阿拉善,区域网,36.1686,105.5975,233,G080,大通,101.3734**,36.5894**,青海省大通县良教乡下乱泉村,6
GC2000000004,阿尔金-祁连山-阿拉善,区域网,36.1686,105.5975,233,G081,扎隆口,102.3333**,36.5397**,青海省互助县嘉定乡扎隆口村,6
GC2000000004,阿尔金-祁连山-阿拉善,区域网,36.1686,105.5975,233,G082,海晏,101.0061**,36.5274**,青海省海晏县三角城镇三联村,6
GC2000000004,阿尔金-祁连山-阿拉善,区域网,36.1686,105.5975,233,G083,永登,103.1406**,36.4224**,甘肃省永登县城关镇高家湾,6
GC2000000004,阿尔金-祁连山-阿拉善,区域网,36.1686,105.5975,233,G084,湟源,101.1448**,36.4271**,青海省湟源县立达村北东沟口处,6
GC2000000004,阿尔金-祁连山-阿拉善,区域网,36.1686,105.5975,233,G085,靖远,104.4473**,36.2524**,甘肃省靖远县大芦乡小芦村,6
GC2000000004,阿尔金-祁连山-阿拉善,区域网,36.1686,105.5975,233,G086,白银,104.2140**,36.3960**,甘肃省靖远县刘川乡鹰咀村,6
GC2000000004,阿尔金-祁连山-阿拉善,区域网,36.1686,105.5975,233,G087,乐都,102.2254**,36.2956**,青海省乐都县大古城北约1.5KM,6
GC2000000004,阿尔金-祁连山-阿拉善,区域网,36.1686,105.5975,233,G089,湟中,101.3230**,36.2927**,鲁沙尔镇南门村西,6
GC2000000004,阿尔金-祁连山-阿拉善,区域网,36.1686,105.5975,233,G090,江西沟,100.1632**,36.3727**,青海省共和县江西沟乡,6
GC2000000004,阿尔金-祁连山-阿拉善,区域网,36.1686,105.5975,233,G091,松山,103.2661**,37.0887**,甘肃省天祝县松山乡黑马圈河村,6
GC2000000004,阿尔金-祁连山-阿拉善,区域网,36.1686,105.5975,233,G092,皋兰,103.5935**,36.2965**,甘肃省皋兰县石洞乡丰水村,6
GC2000000004,阿尔金-祁连山-阿拉善,区域网,36.1686,105.5975,233,G093,民和,102.0067**,36.1973**,青海省民和县马场垣乡团结村,6
GC2000000004,阿尔金-祁连山-阿拉善,区域网,36.1686,105.5975,233,G094,倒淌河,100.5774**,36.2414**,青海省共和县倒淌河镇,7
GC2000000004,阿尔金-祁连山-阿拉善,区域网,36.1686,105.5975,233,G095,新河村,103.2586**,36.0998**,甘肃省兰州市西固区河口乡新河村,7
GC2000000004,阿尔金-祁连山-阿拉善,区域网,36.1686,105.5975,233,G096,扎巴,101.5931**,36.1273**,青海省化隆县札巴镇,7
GC2000000004,阿尔金-祁连山-阿拉善,区域网,36.1686,105.5975,233,G097,共和,100.3261**,36.1353**,青海省共和县恰卜恰乡尕把达连,7
GC2000000004,阿尔金-祁连山-阿拉善,区域网,36.1686,105.5975,233,G098,化隆,102.1518**,36.0752**,青海省化隆县巴燕镇下胡拉村,7
GC2000000004,阿尔金-祁连山-阿拉善,区域网,36.1686,105.5975,233,G099,兰州,103.5979**,35.5926**,和平镇徐家营,7
GC2000000004,阿尔金-祁连山-阿拉善,区域网,36.1686,105.5975,233,G100,日月山,101.0656**,36.2682**,青海湟源县日月山,7
GC2000000004,阿尔金-祁连山-阿拉善,区域网,36.1686,105.5975,233,G101,永靖,103.1946**,35.5582**,刘家峡乡刘家峡村,7
GC2000000004,阿尔金-祁连山-阿拉善,区域网,36.1686,105.5975,233,G102,尖扎,102.0171**,35.5554**,青海省尖扎县南马克唐镇,7
GC2000000004,阿尔金-祁连山-阿拉善,区域网,36.1686,105.5975,233,G103,贵德,101.2629**,36.0402**,青海省贵德县席芨滩村西,7
GC2000000004,阿尔金-祁连山-阿拉善,区域网,36.1686,105.5975,233,G104,榆中,104.0910**,35.5289**,甘肃省榆中县三角城乡三角城中学,7
GC2000000004,阿尔金-祁连山-阿拉善,区域网,36.1686,105.5975,233,G105,官亭,102.4739**,35.5251**,青海省民和县官亭镇鲍家村,7
GC2000000004,阿尔金-祁连山-阿拉善,区域网,36.1686,105.5975,233,G106,循化,102.3280**,35.5049**,青海省循化县清水乡石巷村,7
GC2000000004,阿尔金-祁连山-阿拉善,区域网,36.1686,105.5975,233,G107,定西,104.3277**,35.3241**,甘肃省定西市城关镇李家咀村,7
GC2000000004,阿尔金-祁连山-阿拉善,区域网,36.1686,105.5975,233,G108,临夏,103.1214**,35.3474**,甘肃省临夏市南龙乡桥头家村,7
GC2000000004,阿尔金-祁连山-阿拉善,区域网,36.1686,105.5975,233,G110,固关,106.4009**,34.5676**,陕西省陇县曹家湾乡三联村,8
GC2000000004,阿尔金-祁连山-阿拉善,区域网,36.1686,105.5975,233,G111,临洮,103.5002**,35.2238**,甘肃省临洮县城关镇西街,8
GC2000000004,阿尔金-祁连山-阿拉善,区域网,36.1686,105.5975,233,G112,和政,103.2030**,35.2414**,甘肃省和政县城关镇张家庄村,8
GC2000000004,阿尔金-祁连山-阿拉善,区域网,36.1686,105.5975,233,G113,完尕滩北,102.4806**,35.1517**,王格尔塘乡完尕滩村,8
GC2000000004,阿尔金-祁连山-阿拉善,区域网,36.1686,105.5975,233,G114,渭源,104.0654**,35.0260**,甘肃省渭源县五竹乡李家山,8
GC2000000004,阿尔金-祁连山-阿拉善,区域网,36.1686,105.5975,233,G115,夏河,102.2698**,35.0712**,甘肃省夏河县桑科乡寄宿学校,8
GC2000000004,阿尔金-祁连山-阿拉善,区域网,36.1686,105.5975,233,G116,陇西,104.3297**,35.0293**,渭河乡二十里铺柯寨里,8
GC2000000004,阿尔金-祁连山-阿拉善,区域网,36.1686,105.5975,233,G117,康乐南,103.4201**,35.1749**,甘肃省康乐县胭脂乡马家集村,8
GC2000000004,阿尔金-祁连山-阿拉善,区域网,36.1686,105.5975,233,G118,合作,102.5326**,34.5626**,甘肃省合作市那五乡知黑马村,8
GC2000000004,阿尔金-祁连山-阿拉善,区域网,36.1686,105.5975,233,G119,漳县,104.2818**,34.5104**,甘肃省漳县城关镇董水胡村,8
GC2000000004,阿尔金-祁连山-阿拉善,区域网,36.1686,105.5975,233,G120,武山,104.5600**,34.4213**,甘肃省武山县东顺乡雷家口村,8
GC2000000004,阿尔金-祁连山-阿拉善,区域网,36.1686,105.5975,233,G121,沿安,104.5440**,34.2896**,甘肃省武山县沿安乡李家沟门,8
GC2000000004,阿尔金-祁连山-阿拉善,区域网,36.1686,105.5975,233,G122,公婆泉,97.0339**,41.5150**,甘肃省北蒙古族自治县马宗山镇,8
GC2000000004,阿尔金-祁连山-阿拉善,区域网,36.1686,105.5975,233,G123,柳园,95.2769**,41.0497**,甘肃省瓜州县柳园镇五公里,8
GC2000000004,阿尔金-祁连山-阿拉善,区域网,36.1686,105.5975,233,G125,桥湾,96.4289**,40.3826**,甘肃省安西县桥湾乡桥湾城村,8
GC2000000004,阿尔金-祁连山-阿拉善,区域网,36.1686,105.5975,233,G126,安西,95.4818**,40.3088**,地震台院内,9
GC2000000004,阿尔金-祁连山-阿拉善,区域网,36.1686,105.5975,233,G127,花海,97.4070**,40.1681**,甘肃省玉门市花海乡条湖村,9
GC2000000004,阿尔金-祁连山-阿拉善,区域网,36.1686,105.5975,233,G128,玉门镇,97.0533**,40.1761**,甘肃省玉门市玉门镇东渠11组,9
GC2000000004,阿尔金-祁连山-阿拉善,区域网,36.1686,105.5975,233,G129,赤金堡,97.2691**,40.0174**,甘肃省玉门市赤金镇,9
GC2000000004,阿尔金-祁连山-阿拉善,区域网,36.1686,105.5975,233,G130,昌马大坝,96.4495**,40.0279**,甘肃省玉门市玉门镇昌马大坝,9
GC2000000004,阿尔金-祁连山-阿拉善,区域网,36.1686,105.5975,233,G131,东巴兔,95.4251**,40.0491**,甘肃省安西县东巴兔乡一村,9
GC2000000004,阿尔金-祁连山-阿拉善,区域网,36.1686,105.5975,233,G132,金塔,98.5309**,39.5461**,甘肃金塔县城,9
GC2000000004,阿尔金-祁连山-阿拉善,区域网,36.1686,105.5975,233,G133,罗城,99.3607**,39.4253**,甘肃省高台县罗城乡万丰村,9
GC2000000004,阿尔金-祁连山-阿拉善,区域网,36.1686,105.5975,233,G134,金昌,102.1923**,38.4277**,甘肃省金昌市宁远堡乡下四分村,9
GC2000000004,阿尔金-祁连山-阿拉善,区域网,36.1686,105.5975,233,G135,酒泉,98.3055**,39.4291**,甘肃省酒泉市南郊地区建安公司预制厂,9
GC2000000004,阿尔金-祁连山-阿拉善,区域网,36.1686,105.5975,233,G136,嘉峪关,98.1175**,39.5044**,甘肃省嘉峪关市,9
GC2000000004,阿尔金-祁连山-阿拉善,区域网,36.1686,105.5975,233,G137,嘉峪关西,97.5509**,39.5162**,甘肃省玉门市东站,9
GC2000000004,阿尔金-祁连山-阿拉善,区域网,36.1686,105.5975,233,G138,大泉口,97.4225**,39.3410**,甘肃省肃南县大泉口,9
GC2000000004,阿尔金-祁连山-阿拉善,区域网,36.1686,105.5975,233,G139,昌马,96.4463**,39.5489**,甘肃省玉门市昌马乡转井湾村,9
GC2000000004,阿尔金-祁连山-阿拉善,区域网,36.1686,105.5975,233,G141,红寺湖,101.0818**,38.5504**,甘肃省山丹县清泉镇红寺湖村,9
GC2000000004,阿尔金-祁连山-阿拉善,区域网,36.1686,105.5975,233,G142,金佛寺,98.4701**,39.2447**,甘肃省酒泉市肃州区金佛寺镇大坝村二组,10
GC2000000004,阿尔金-祁连山-阿拉善,区域网,36.1686,105.5975,233,G143,元山子,99.3623**,39.0878**,甘肃省肃南县韭菜沟乡窑沟村,10
GC2000000004,阿尔金-祁连山-阿拉善,区域网,36.1686,105.5975,233,G144,白土湾子,97.5906**,39.1104**,甘肃省肃南裕固族自治县祁青藏族乡,10
GC2000000004,阿尔金-祁连山-阿拉善,区域网,36.1686,105.5975,233,G145,石包城,95.3613**,39.4221**,甘肃省肃北蒙古族自治县,10
GC2000000004,阿尔金-祁连山-阿拉善,区域网,36.1686,105.5975,233,G146,肃南,99.3793**,38.5078**,甘肃省肃南县青龙乡墩台村,10
GC2000000004,阿尔金-祁连山-阿拉善,区域网,36.1686,105.5975,233,G147,托勒牧场,98.1591**,38.5805**,青海省祁连县央隆乡,10
GC2000000004,阿尔金-祁连山-阿拉善,区域网,36.1686,105.5975,233,G148,野牛沟,99.3398**,38.2633**,青海省祁连县野牛沟乡,10
GC2000000004,阿尔金-祁连山-阿拉善,区域网,36.1686,105.5975,233,G149,木里,98.5155**,37.5827**,青海省天峻县龙门乡,10
GC2000000004,阿尔金-祁连山-阿拉善,区域网,36.1686,105.5975,233,G150,盐坎南,98.3977**,37.3452**,青海省天竣县阳康乡,10
GC2000000004,阿尔金-祁连山-阿拉善,区域网,36.1686,105.5975,233,G151,大煤沟,95.4871**,37.3029**,青海省海西州大柴旦镇,10
GC2000000004,阿尔金-祁连山-阿拉善,区域网,36.1686,105.5975,233,G152,四新,99.2999**,37.0797**,青海省天峻县,10
GC2000000004,阿尔金-祁连山-阿拉善,区域网,36.1686,105.5975,233,G153,天峻,99.0095**,37.1773**,青海省天峻县,10
GC2000000004,阿尔金-祁连山-阿拉善,区域网,36.1686,105.5975,233,G154,野马渡,98.2049**,37.1859**,青海省天峻县生格乡,10
GC2000000004,阿尔金-祁连山-阿拉善,区域网,36.1686,105.5975,233,G156,怀头他拉,96.4123**,37.2183**,青海省德令哈市怀头他拉乡,10
GC2000000004,阿尔金-祁连山-阿拉善,区域网,36.1686,105.5975,233,G157,黑马河,99.5390**,36.4103**,青海省共和县黑马河乡,10
GC2000000004,阿尔金-祁连山-阿拉善,区域网,36.1686,105.5975,233,G158,茶卡,99.0469**,36.4772**,青海省乌兰县茶卡镇,11
GC2000000004,阿尔金-祁连山-阿拉善,区域网,36.1686,105.5975,233,G159,乌兰,98.2779**,36.5664**,青海省乌兰县赛什克农场,11
GC2000000004,阿尔金-祁连山-阿拉善,区域网,36.1686,105.5975,233,G160,西湖,94.5915**,40.3207**,甘肃省安西县西湖乡,11
GC2000000004,阿尔金-祁连山-阿拉善,区域网,36.1686,105.5975,233,G161,敦煌,94.4842**,40.1470**,甘肃省敦煌市五墩乡,11
GC2000000004,阿尔金-祁连山-阿拉善,区域网,36.1686,105.5975,233,G162,独山子,94.3300**,39.4216**,甘肃省肃北蒙古族自治县,11
GC2000000004,阿尔金-祁连山-阿拉善,区域网,36.1686,105.5975,233,G163,葫芦斯台,93.2994**,39.3872**,甘肃省阿克塞哈萨克自治县阿克旗乡,11
GC2000000004,阿尔金-祁连山-阿拉善,区域网,36.1686,105.5975,233,G164,肃北,94.5198**,39.3048**,甘肃省肃北蒙古族自治县别盖乡,11
GC2000000004,阿尔金-祁连山-阿拉善,区域网,36.1686,105.5975,233,G165,安南坝,93.0085**,39.1726**,甘肃省阿克塞哈萨克族自治县阿克旗乡,11
GC2000000004,阿尔金-祁连山-阿拉善,区域网,36.1686,105.5975,233,G167,花海子,94.2126**,38.4838**,青海省海西自治州大柴旦镇花海子,11
GC2000000004,阿尔金-祁连山-阿拉善,区域网,36.1686,105.5975,233,G169,鱼卡,94.5931**,38.0368**,青海省海西自治州大柴旦镇鱼卡,11
GC2000000004,阿尔金-祁连山-阿拉善,区域网,36.1686,105.5975,233,G170,一里坪,93.2911**,37.5448**,青海省海西自治州冷湖行委一里坪,11
GC2000000004,阿尔金-祁连山-阿拉善,区域网,36.1686,105.5975,233,G171,花土沟西,90.4871**,38.1770**,青海省海西自治州茫崖镇花土沟,11
GC2000000004,阿尔金-祁连山-阿拉善,区域网,36.1686,105.5975,233,G172,阿尔金山,89.1129**,38.4317**,新疆维吾尔自治区若羌县祁曼区,11
GC2000000004,阿尔金-祁连山-阿拉善,区域网,36.1686,105.5975,233,G301,狼娃山哨卡,97.0252**,42.1671**,狼娃山边防哨所,11
GC2000000004,阿尔金-祁连山-阿拉善,区域网,36.1686,105.5975,233,G302,梧桐窝子,95.0528**,42.2953**,沁城乡梧桐窝子,11
GC2000000004,阿尔金-祁连山-阿拉善,区域网,36.1686,105.5975,233,G303,敖干德力格,102.5296**,41.4855**,达来呼布镇温图高勒嘎查古日本呼都格,12
GC2000000004,阿尔金-祁连山-阿拉善,区域网,36.1686,105.5975,233,G304,雅满苏,93.5124**,41.5373**,,12
GC2000000004,阿尔金-祁连山-阿拉善,区域网,36.1686,105.5975,233,G305,毛井,96.5537**,41.1387**,马鬃山镇特尔莫特,12
GC2000000004,阿尔金-祁连山-阿拉善,区域网,36.1686,105.5975,233,G306,孟格布鲁格,103.4340**,39.5689**,阿拉善右旗孟根苏木孟格布鲁格,12
GC2000000004,阿尔金-祁连山-阿拉善,区域网,36.1686,105.5975,233,G307,巴音博日格,101.5825**,39.2072**,额肯呼都格镇巴音博日格,12
GC2000000004,阿尔金-祁连山-阿拉善,区域网,36.1686,105.5975,233,G308,花城湖,98.3304**,39.5682**,银达镇花城湖旅游区,12
GC2000000004,阿尔金-祁连山-阿拉善,区域网,36.1686,105.5975,233,G309,小红泉,97.5863**,39.4078**,祁丰藏族乡小红泉,12
GC2000000004,阿尔金-祁连山-阿拉善,区域网,36.1686,105.5975,233,G310,苏海图,105.0510**,39.3793**,阿拉善左旗豪斯布尔都镇苏海图村,12
GC2000000004,阿尔金-祁连山-阿拉善,区域网,36.1686,105.5975,233,G311,阿克塞县,94.1983**,39.3615**,,12
GC2000000004,阿尔金-祁连山-阿拉善,区域网,36.1686,105.5975,233,G312,博罗转井镇,94.1550**,39.2469**,博罗转井镇,12
GC2000000004,阿尔金-祁连山-阿拉善,区域网,36.1686,105.5975,233,G313,鱼儿红牧场,97.0567**,39.2742**,国营鱼儿红牧场,12
GC2000000004,阿尔金-祁连山-阿拉善,区域网,36.1686,105.5975,233,G314,3道班,94.1879**,39.0957**,民主乡3道班,12
GC2000000004,阿尔金-祁连山-阿拉善,区域网,36.1686,105.5975,233,G315,盐池湾,95.2713**,39.1538**,盐池湾平草湖,12
GC2000000004,阿尔金-祁连山-阿拉善,区域网,36.1686,105.5975,233,G316,巴什考供,90.4309**,38.5258**,巴什考供,12
GC2000000004,阿尔金-祁连山-阿拉善,区域网,36.1686,105.5975,233,G317,苏布腊格,101.1848**,39.0374**,额日布该苏木乡苏布腊格,12
GC2000000004,阿尔金-祁连山-阿拉善,区域网,36.1686,105.5975,233,G318,甘浚,100.1092**,38.5861**,甘浚镇甘浚村,13
GC2000000004,阿尔金-祁连山-阿拉善,区域网,36.1686,105.5975,233,G319,金鸿山,91.2911**,38.4512**,青海省海西州茫崖行政委员会花土沟镇,13
GC2000000004,阿尔金-祁连山-阿拉善,区域网,36.1686,105.5975,233,G320,平坡煤矿,101.0003**,38.4361**,平坡煤矿,13
GC2000000004,阿尔金-祁连山-阿拉善,区域网,36.1686,105.5975,233,G321,太和村,100.5289**,38.3604**,民联乡太和村（四家村）,13
GC2000000004,阿尔金-祁连山-阿拉善,区域网,36.1686,105.5975,233,G322,苏吾什杰,89.3314**,38.3190**,铁木里克乡苏吾什杰,13
GC2000000004,阿尔金-祁连山-阿拉善,区域网,36.1686,105.5975,233,G323,冷湖镇,93.2569**,38.3179**,冷湖镇,13
GC2000000004,阿尔金-祁连山-阿拉善,区域网,36.1686,105.5975,233,G324,羌布勒尔,89.5258**,38.2668**,依吞布拉克镇羌布勒尔,13
GC2000000004,阿尔金-祁连山-阿拉善,区域网,36.1686,105.5975,233,G325,11道班,94.3612**,38.1998**,大柴旦镇,13
GC2000000004,阿尔金-祁连山-阿拉善,区域网,36.1686,105.5975,233,G326,铁木里克乡,90.0663**,38.2100**,铁木里克乡若羌石棉矿区,13
GC2000000004,阿尔金-祁连山-阿拉善,区域网,36.1686,105.5975,233,G327,大泉沟,100.4634**,38.2031**,马蹄藏族自治乡南城子村,13
GC2000000004,阿尔金-祁连山-阿拉善,区域网,36.1686,105.5975,233,G328,茫崖镇,90.1673**,38.1756**,茫崖镇,13
GC2000000004,阿尔金-祁连山-阿拉善,区域网,36.1686,105.5975,233,G329,顺化,100.4463**,38.2662**,顺化乡列四坝村,13
GC2000000004,阿尔金-祁连山-阿拉善,区域网,36.1686,105.5975,233,G330,卡力岗,100.2038**,38.1027**,八宝镇卡力岗村,13
GC2000000004,阿尔金-祁连山-阿拉善,区域网,36.1686,105.5975,233,G331,九墩,102.4480**,38.0988**,九墩乡下窝村六组,13
GC2000000004,阿尔金-祁连山-阿拉善,区域网,36.1686,105.5975,233,G332,一里沟,92.2586**,38.0476**,茫崖镇花土沟,13
GC2000000004,阿尔金-祁连山-阿拉善,区域网,36.1686,105.5975,233,G333,玉苏普阿勒克,89.2090**,38.0622**,铁木里克乡玉苏普阿勒克,14
GC2000000004,阿尔金-祁连山-阿拉善,区域网,36.1686,105.5975,233,G334,大冬树山,100.1439**,38.0096**,八宝镇冰沟村,14
GC2000000004,阿尔金-祁连山-阿拉善,区域网,36.1686,105.5975,233,G335,自流井,91.4042**,37.5199**,茫崖镇花土沟,14
GC2000000004,阿尔金-祁连山-阿拉善,区域网,36.1686,105.5975,233,G336,舟群,99.2470**,37.3782**,舟群乡舟群村,14
GC2000000004,阿尔金-祁连山-阿拉善,区域网,36.1686,105.5975,233,G337,西滩,101.4365**,37.2584**,西滩乡边么掌村,14
GC2000000004,阿尔金-祁连山-阿拉善,区域网,36.1686,105.5975,233,G338,多隆,100.5388**,37.3967**,默勒镇多隆村,14
GC2000000004,阿尔金-祁连山-阿拉善,区域网,36.1686,105.5975,233,G339,胜华,90.5589**,37.0123**,胜华铁矿,14
GC2000000004,阿尔金-祁连山-阿拉善,区域网,36.1686,105.5975,233,G340,新庄集,106.1201**,37.1654**,南川乡朱庄子,14
GC2000000004,阿尔金-祁连山-阿拉善,区域网,36.1686,105.5975,233,G341,锡铁山,95.2840**,37.1293**,青海省锡铁山镇,14
GC2000000004,阿尔金-祁连山-阿拉善,区域网,36.1686,105.5975,233,G342,白家沟,106.3716**,37.0783**,甜水镇白家沟村,14
GC2000000004,阿尔金-祁连山-阿拉善,区域网,36.1686,105.5975,233,G343,石窝沟,104.0322**,36.5961**,喜泉镇石窝沟村,14
GC2000000004,阿尔金-祁连山-阿拉善,区域网,36.1686,105.5975,233,G344,达布逊,95.2208**,36.5793**,察尔汗盐湖达布逊,14
GC2000000004,阿尔金-祁连山-阿拉善,区域网,36.1686,105.5975,233,G345,关桥,105.3882**,36.4983**,关桥乡上梨花坪村,14
GC2000000004,阿尔金-祁连山-阿拉善,区域网,36.1686,105.5975,233,G346,中灶火,93.3721**,36.4493**,乌图美仁乡中灶火,14
GC2000000004,阿尔金-祁连山-阿拉善,区域网,36.1686,105.5975,233,G347,庆华,91.5381**,37.0227**,庆华铁矿,14
GC2000000004,阿尔金-祁连山-阿拉善,区域网,36.1686,105.5975,233,G348,包家山,106.4001**,36.3452**,毛井乡包家山村,15
GC2000000004,阿尔金-祁连山-阿拉善,区域网,36.1686,105.5975,233,G349,诺木洪,96.2678**,36.2624**,诺木洪农场,15
GC2000000004,阿尔金-祁连山-阿拉善,区域网,36.1686,105.5975,233,G350,炭山,106.1841**,36.2526**,炭山乡三台村,15
GC2000000004,阿尔金-祁连山-阿拉善,区域网,36.1686,105.5975,233,G351,塔秀,99.4664**,36.1515**,切吉乡塔秀村,15
GC2000000004,阿尔金-祁连山-阿拉善,区域网,36.1686,105.5975,233,G352,田坪,105.2226**,35.5925**,田坪乡田坪村,15
GC2000000004,阿尔金-祁连山-阿拉善,区域网,36.1686,105.5975,233,G353,彭阳,106.3985**,35.4939**,白阳镇任湾村刘河队,15
GC2000000004,阿尔金-祁连山-阿拉善,区域网,36.1686,105.5975,233,G355,泾河源,106.2076**,35.2396**,泾河源镇六盘山森林公园,15
GC2000000004,阿尔金-祁连山-阿拉善,区域网,36.1686,105.5975,233,G356,韩店,106.1241**,35.1579**,韩店镇刘河村,15
GC2000000004,阿尔金-祁连山-阿拉善,区域网,36.1686,105.5975,233,G357,平襄,105.1164**,35.1231**,平襄镇宋堡村宋家庄队,15
GC2000000004,阿尔金-祁连山-阿拉善,区域网,36.1686,105.5975,233,G358,巴滩,100.4886**,35.1483**,军马场三队,15
GC2000000004,阿尔金-祁连山-阿拉善,区域网,36.1686,105.5975,233,G359,神峪,106.4898**,35.0848**,神峪回族乡神峪村北坡队,15
GC2000000004,阿尔金-祁连山-阿拉善,区域网,36.1686,105.5975,233,G360,西卜沙,101.4284**,35.0389**,西卜沙乡,15
GC2000000004,阿尔金-祁连山-阿拉善,区域网,36.1686,105.5975,233,G361,普社,107.2021**,34.4810**,高崖乡南岭村南庄组,15
GC2000000004,阿尔金-祁连山-阿拉善,区域网,36.1686,105.5975,233,G362,关山,106.3313**,34.4324**,关山镇旅游景区,15
GC2000000004,阿尔金-祁连山-阿拉善,区域网,36.1686,105.5975,233,G363,千阳,107.0334**,34.4097**,柿沟乡英明村四组,15
GC2000000004,阿尔金-祁连山-阿拉善,区域网,36.1686,105.5975,233,G364,尕格日,101.5273**,34.3476**,赛尔龙乡尕格日村,16
GC2000000004,阿尔金-祁连山-阿拉善,区域网,36.1686,105.5975,233,G365,伯阳,106.0304**,34.3288**,伯阳镇兴仁村,16
GC2000000004,阿尔金-祁连山-阿拉善,区域网,36.1686,105.5975,233,GB01,中卫,105.1067**,37.3476**,宁夏回族自治区中卫市东园镇红武村养殖园区,16
GC2000000004,阿尔金-祁连山-阿拉善,区域网,36.1686,105.5975,233,GB02,西吉,105.4801**,35.5771**,宁夏回族自治区西吉县吉强镇夏寨村小学,16
GC2000000004,阿尔金-祁连山-阿拉善,区域网,36.1686,105.5975,233,GB03,临洮,103.5053**,35.2217**,甘肃省临洮县洮阳镇李范家村,16
GC2000000004,阿尔金-祁连山-阿拉善,区域网,36.1686,105.5975,233,GB04,同仁,102.0235**,35.3365**,年都乎乡年都乎村,16
GC2000000004,阿尔金-祁连山-阿拉善,区域网,36.1686,105.5975,233,GB08,秦安,105.3802**,34.4711**,甘肃省秦安县郑川乡王坪村,16
GC2000000004,阿尔金-祁连山-阿拉善,区域网,36.1686,105.5975,233,G109,同仁,102.0207**,35.3241**,青海省同仁县加仓玛村,16
GC2000000005,川西(Z)网,区域网,30.5770,100.1980,0,,,,,,
GC2000000006,东北北中南部,区域网,,,5,EB01,牡丹江,129.3573**,44.3741**,黑龙江省牡丹江市爱民区北安乡银龙村北山顶,1
GC2000000006,东北北中南部,区域网,,,5,EB02,大安,124.1551**,45.3209**,吉林省大安市大赉乡铁北村铁北小学,1
GC2000000006,东北北中南部,区域网,,,5,EB03,通辽,122.1631**,43.3569**,内蒙古自治区通辽市虹光大街森林公园,1
GC2000000006,东北北中南部,区域网,,,5,EB04,营口,122.2880**,40.3796**,辽宁省营口市大石桥市金桥区金桥村迷镇山,1
GC2000000006,东北北中南部,区域网,,,5,EB05,青城子,123.3642**,40.4390**,辽宁省凤城市青城子镇中学,1
GC2000000007,东北区域网,区域网,,,156,A011,兴和,113.5383**,40.5219**,内蒙古兴和县,1
GC2000000007,东北区域网,区域网,,,156,E001,抚远,134.1772**,48.1605**,浓江乡武装部弹药库,1
GC2000000007,东北区域网,区域网,,,156,E003,饶河,133.5778**,46.4719**,黑龙江省饶河县饶河农场一队（一棵树）,1
GC2000000007,东北区域网,区域网,,,156,E005,呼玛,126.4058**,51.4264**,黑龙江省呼玛县城南马铃薯基地,1
GC2000000007,东北区域网,区域网,,,156,E006,爱辉,127.2446**,50.1523**,黑龙江省黑河市城西五道壑洛（黑河地震台）,1
GC2000000007,东北区域网,区域网,,,156,E007,富饶,129.3876**,49.1620**,黑龙江省嘉荫县乌云镇乌云村,1
GC2000000007,东北区域网,区域网,,,156,E008,伊春,128.5557**,47.4596**,黑龙江省伊春市伊春区东升小学,1
GC2000000007,东北区域网,区域网,,,156,E009,德都,126.0822**,48.3078**,黑龙江省五大连池市城西（德都地震台）,1
GC2000000007,东北区域网,区域网,,,156,E012,蛟河,127.2191**,43.4407**,吉林省蛟河市81034部队七营,1
GC2000000007,东北区域网,区域网,,,156,E014,辽源,125.0874**,42.5009**,吉林辽源市龙山区工农乡永兴村,1
GC2000000007,东北区域网,区域网,,,156,E016,二道白河,128.0663**,42.2578**,吉林省长白山管委会池北区第一初级中学,1
GC2000000007,东北区域网,区域网,,,156,E017,通化,125.5707**,41.4467**,吉林省通化市东昌区65367部队,1
GC2000000007,东北区域网,区域网,,,156,E018,漠河,122.2078**,53.2968**,黑龙江省漠河县北极乡,1
GC2000000007,东北区域网,区域网,,,156,E020,根河,121.2700**,50.4696**,内蒙古自治区根河市,1
GC2000000007,东北区域网,区域网,,,156,E021,博克图,121.5523**,48.4598**,内蒙古牙克石市博克图镇,1
GC2000000007,东北区域网,区域网,,,156,E022,齐齐哈尔,124.0025**,47.2326**,黑龙江齐齐哈尔建华乡65447部队教导队,2
GC2000000007,东北区域网,区域网,,,156,E025,扎鲁特旗,120.5239**,44.3344**,内蒙古扎鲁特旗鲁北镇,2
GC2000000007,东北区域网,区域网,,,156,E028,法库,123.2509**,42.3258**,辽宁省法库县孟家乡利丰粮油贸易有限公司,2
GC2000000007,东北区域网,区域网,,,156,E029,新民,122.5172**,42.0302**,辽宁省新民市高台子乡腰高台村沈阳金百赢贸,2
GC2000000007,东北区域网,区域网,,,156,E030,阜新,121.3710**,42.0396**,辽宁省阜新市65667部队,2
GC2000000007,东北区域网,区域网,,,156,E031,黑山,122.0442**,41.4187**,辽宁省黑山县镇安满族乡营坊村,2
GC2000000007,东北区域网,区域网,,,156,E032,北票,120.4789**,41.4543**,辽宁省北票市凉水河乡凉水河村,2
GC2000000007,东北区域网,区域网,,,156,E033,锦州,121.1154**,41.0753**,辽宁省锦州市65659部队（地炮旅）,2
GC2000000007,东北区域网,区域网,,,156,E034,盘山,122.0434**,41.0446**,辽宁省大洼县田家镇中学,2
GC2000000007,东北区域网,区域网,,,156,E035,鞍山,122.5503**,41.0674**,辽宁省鞍山市千山区宁远镇北地号村,2
GC2000000007,东北区域网,区域网,,,156,E036,沈阳,123.3293**,41.4982**,辽宁省沈阳市东陵区解放军炮兵学院,2
GC2000000007,东北区域网,区域网,,,156,E037,辽中,122.4382**,41.3066**,辽宁省辽中县地震局,2
GC2000000007,东北区域网,区域网,,,156,E038,抚顺,123.5922**,41.5447**,辽宁省抚顺市顺城区前甸镇靠山村,2
GC2000000007,东北区域网,区域网,,,156,E039,本溪,124.0614**,41.1694**,辽宁省本溪县观音阁街道办事处张家堡村,2
GC2000000007,东北区域网,区域网,,,156,E040,清原,124.5416**,42.0561**,辽宁省清原满族自治县清原镇抚顺市百瑞德环,2
GC2000000007,东北区域网,区域网,,,156,E041,丹东,124.2789**,40.1219**,辽宁省丹东市九连城镇65739部队,3
GC2000000007,东北区域网,区域网,,,156,E042,凤城,124.0138**,40.2824**,辽宁省凤城市凤山区龙山村,3
GC2000000007,东北区域网,区域网,,,156,E043,岫岩,123.1672**,41.1311**,辽宁省岫岩县雅河镇中学,3
GC2000000007,东北区域网,区域网,,,156,E044,营口,122.2710**,40.3815**,辽宁大石桥市65539部队院内,3
GC2000000007,东北区域网,区域网,,,156,E045,熊岳城,122.0908**,40.1093**,辽宁省盖州市熊岳城镇省果树科学研究所果园,3
GC2000000007,东北区域网,区域网,,,156,E046,青城子,123.3695**,40.4391**,辽宁凤城市青城子镇中学,3
GC2000000007,东北区域网,区域网,,,156,E047,兴城,120.4388**,40.3871**,辽宁省兴城市武警8620部队靶场,3
GC2000000007,东北区域网,区域网,,,156,E048,复县,122.0246**,39.3703**,辽宁省瓦房店市65541部队靶场,3
GC2000000007,东北区域网,区域网,,,156,E049,庄河,122.5655**,39.4619**,辽宁省庄河市徐岭镇双峰村沙里涂屯,3
GC2000000007,东北区域网,区域网,,,156,E050,海洋岛,123.0958**,39.0352**,辽宁省长海县海洋乡65719部队高二连,3
GC2000000007,东北区域网,区域网,,,156,E051,五岛,121.3051**,39.2695**,辽宁省瓦房店市谢屯镇第十四中学,3
GC2000000007,东北区域网,区域网,,,156,E053,旅顺,121.1266**,38.4841**,辽宁省陆军预备役高射炮兵第二师训练基地,3
GC2000000007,东北区域网,区域网,,,156,E054,满洲里,117.2646**,49.3629**,内蒙古自治区满洲里市边防七团八连,3
GC2000000007,东北区域网,区域网,,,156,E056,新巴尔虎右旗,116.4990**,48.3940**,内蒙古新巴尔虎右旗,3
GC2000000007,东北区域网,区域网,,,156,E057,新巴尔虎左旗,118.1589**,48.0225**,内蒙新巴尔虎左旗额布都格,3
GC2000000007,东北区域网,区域网,,,156,E058,阿尔山,119.5685**,47.0943**,内蒙古自治区阿尔山市,4
GC2000000007,东北区域网,区域网,,,156,E059,东乌珠穆沁旗,116.5669**,45.3096**,内蒙古自治区东乌珠穆沁旗,4
GC2000000007,东北区域网,区域网,,,156,E061,太仆寺旗,115.1576**,41.5299**,内蒙古自治区太仆寺旗,4
GC2000000007,东北区域网,区域网,,,156,E062,赤峰,119.0184**,42.1773**,内蒙古赤峰市65655部队副食品基地,4
GC2000000007,东北区域网,区域网,,,156,E063,凌源,119.2357**,41.1227**,辽宁省凌源市公安局行政拘留所,4
GC2000000007,东北区域网,区域网,,,156,E064,二连浩特,111.5895**,43.3971**,内蒙古自治区二连浩特市,4
GC2000000007,东北区域网,区域网,,,156,E301,高坎镇,122.2334**,40.4631**,高坎镇大侯家村,4
GC2000000007,东北区域网,区域网,,,156,E302,大房,122.1187**,40.5413**,平安乡大房村,4
GC2000000007,东北区域网,区域网,,,156,E303,望台镇,122.3469**,40.5883**,望台镇赵坯村,4
GC2000000007,东北区域网,区域网,,,156,E304,两棵树,121.5849**,41.0630**,新兴镇两棵树村四组,4
GC2000000007,东北区域网,区域网,,,156,E305,南楼村,122.1935**,41.1464**,富家镇南楼村,4
GC2000000007,东北区域网,区域网,,,156,E306,王屯,121.3821**,41.1505**,羊圈子镇三家村王屯,4
GC2000000007,东北区域网,区域网,,,156,E307,曾家屯,124.2267**,42.2658**,聂家满族乡曾家屯村,4
GC2000000007,东北区域网,区域网,,,156,E308,塔营子,122.0132**,42.2619**,塔营子乡于家梁村,4
GC2000000007,东北区域网,区域网,,,156,E309,彰武,122.3424**,42.2249**,黑坨子村职教中心学农基地（黑坨子村）,4
GC2000000007,东北区域网,区域网,,,156,E310,帽山,123.5057**,42.1409**,帽山新区,5
GC2000000007,东北区域网,区域网,,,156,E311,草根泡,123.2077**,42.1068**,依牛堡乡草根泡村四组,5
GC2000000007,东北区域网,区域网,,,156,E312,湾沟,126.5558**,42.0384**,湾沟镇和平村二组,5
GC2000000007,东北区域网,区域网,,,156,E313,肖坨子,122.2606**,41.5604**,半拉门镇肖坨子村,5
GC2000000007,东北区域网,区域网,,,156,E314,大民屯,122.5709**,41.5358**,大民屯镇后栏杆泡村,5
GC2000000007,东北区域网,区域网,,,156,E315,宋家村,122.2770**,41.3728**,新兴镇宋家村,5
GC2000000007,东北区域网,区域网,,,156,E316,车坊,121.2647**,41.3436**,大榆树堡镇车坊村,5
GC2000000007,东北区域网,区域网,,,156,E317,西薄草沟,123.1619**,41.2717**,古城街道办事处西薄草沟村,5
GC2000000007,东北区域网,区域网,,,156,E318,小农场,128.0840**,41.2908**,马鹿沟镇小农场村,5
GC2000000007,东北区域网,区域网,,,156,E319,中心村,125.0894**,41.2228**,华来镇中心村,5
GC2000000007,东北区域网,区域网,,,156,E320,九口峪,123.3450**,41.0981**,寒岭镇九口峪村,5
GC2000000007,东北区域网,区域网,,,156,E321,榆林,125.5691**,41.0027**,榆林镇榆林村四组（闫厚存地）,5
GC2000000007,东北区域网,区域网,,,156,E322,西八千乡,121.3397**,41.0055**,西八千乡喜鹊沟村,5
GC2000000007,东北区域网,区域网,,,156,E323,老道排村,124.4306**,40.4534**,石湖沟乡老道排村五组,5
GC2000000007,东北区域网,区域网,,,156,E324,太平庄,122.4835**,40.1079**,矿洞沟镇太平庄村,5
GC2000000007,东北区域网,区域网,,,156,E325,红旗,123.5257**,40.0997**,红旗镇永兴村,6
GC2000000007,东北区域网,区域网,,,156,E326,潘家沟村,121.5207**,39.5473**,永宁镇潘家沟村,6
GC2000000007,东北区域网,区域网,,,156,E327,东港,124.0074**,39.4925**,五四农场窟窿山分场,6
GC2000000007,东北区域网,区域网,,,156,E328,隋岚屯,123.2538**,39.4746**,栗子房镇兴隆村隋岚屯,6
GC2000000007,东北区域网,区域网,,,156,E329,东岗村,121.3198**,39.4645**,东岗镇东岗村,6
GC2000000007,东北区域网,区域网,,,156,E330,西唐家屯,122.2830**,39.4448**,双塔镇西唐家屯,6
GC2000000007,东北区域网,区域网,,,156,E331,柳条屯,122.2310**,39.1096**,广鹿乡柳条屯,6
GC2000000007,东北区域网,区域网,,,156,E332,依西肯,125.4023**,52.5584**,依西肯乡,6
GC2000000007,东北区域网,区域网,,,156,E333,白马林场,122.0652**,52.1084**,满归镇白马林场,6
GC2000000007,东北区域网,区域网,,,156,E334,新林镇,124.2472**,51.4190**,新林镇,6
GC2000000007,东北区域网,区域网,,,156,E335,五卡,119.1722**,50.2530**,黑山头镇五卡村,6
GC2000000007,东北区域网,区域网,,,156,E336,兴安里林场,122.0817**,49.4527**,乌尔其汉镇兴安里林场,6
GC2000000007,东北区域网,区域网,,,156,E337,霍龙门,125.4535**,49.3733**,霍龙门乡（原座虎滩乡）腰泥鳅屯,6
GC2000000007,东北区域网,区域网,,,156,E338,大库木尔,124.1943**,48.5020**,西瓦尔图镇大库木尔村,6
GC2000000007,东北区域网,区域网,,,156,E339,新宝力格,118.2480**,48.4857**,新宝力格苏木善达宝力格嘎查,6
GC2000000007,东北区域网,区域网,,,156,E340,沾北林场,127.3827**,48.4300**,,7
GC2000000007,东北区域网,区域网,,,156,E341,阿日哈沙特,115.5303**,48.3537**,阿日哈沙特镇,7
GC2000000007,东北区域网,区域网,,,156,E342,小孤山,120.2053**,48.2242**,锡尼河镇小孤山免渡河农场,7
GC2000000007,东北区域网,区域网,,,156,E343,勤得利,133.1753**,48.0501**,第三居民委员会,7
GC2000000007,东北区域网,区域网,,,156,E344,名山镇,131.0672**,47.4090**,名山镇名山村,7
GC2000000007,东北区域网,区域网,,,156,E345,萨马街,122.1422**,47.3238**,萨马街鄂温克民族乡团结村,7
GC2000000007,东北区域网,区域网,,,156,E346,海伦市,126.5847**,47.2618**,东风镇勤劳村九组,7
GC2000000007,东北区域网,区域网,,,156,E347,二龙山,132.3350**,47.1694**,二龙山镇永善村,7
GC2000000007,东北区域网,区域网,,,156,E348,浩良河,129.3722**,46.4512**,浩良河镇大吉星村,7
GC2000000007,东北区域网,区域网,,,156,E349,大庆,125.1171**,46.3534**,银螺乳业集团104草场,7
GC2000000007,东北区域网,区域网,,,156,E350,乌兰查布,117.5582**,46.3178**,满都胡宝拉格镇乌兰查布,7
GC2000000007,东北区域网,区域网,,,156,E351,泰来县,123.2419**,46.2642**,克利镇复兴村,7
GC2000000007,东北区域网,区域网,,,156,E352,八五三,132.5817**,46.2836**,,7
GC2000000007,东北区域网,区域网,,,156,E353,兰西,126.1597**,46.1608**,兰西镇发展村李志贤屯,7
GC2000000007,东北区域网,区域网,,,156,E354,虎头镇,133.3912**,45.5899**,虎头镇虎头村,7
GC2000000007,东北区域网,区域网,,,156,E355,木兰县,128.0385**,45.5794**,木兰镇临城村,8
GC2000000007,东北区域网,区域网,,,156,E356,建堂,130.0308**,45.4131**,建堂乡,8
GC2000000007,东北区域网,区域网,,,156,E357,密山,131.4868**,45.3425**,密山镇新丰村,8
GC2000000007,东北区域网,区域网,,,156,E358,霍林郭勒,119.4019**,45.3030**,达莱胡硕社区达莱胡硕村,8
GC2000000007,东北区域网,区域网,,,156,E359,代龙村,125.0228**,45.3270**,肇源镇代龙村,8
GC2000000007,东北区域网,区域网,,,156,E360,新平安镇,123.4113**,45.2042**,新平安镇平安村五队,8
GC2000000007,东北区域网,区域网,,,156,E361,尚志,128.0184**,45.1375**,河东朝鲜族乡东安村,8
GC2000000007,东北区域网,区域网,,,156,E362,苏日嘎庙,115.1030**,45.0902**,吉尔嘎郎图苏木吉尔嘎郎图大队苏日嘎庙,8
GC2000000007,东北区域网,区域网,,,156,E363,金沙河,128.4504**,44.5896**,魚池朝鲜族乡金沙河村一队,8
GC2000000007,东北区域网,区域网,,,156,E364,兴隆村,126.3224**,44.4655**,正阳街道办事处兴隆村四组,8
GC2000000007,东北区域网,区域网,,,156,E365,陆家窝铺村,122.3173**,44.4657**,乌兰花镇陆家窝铺村,8
GC2000000007,东北区域网,区域网,,,156,E366,浩宾塔拉,113.2894**,44.4036**,达来苏木额尔敦锡力大队,8
GC2000000007,东北区域网,区域网,,,156,E367,靠山屯,127.0902**,44.3293**,平安镇永丰村靠山屯,8
GC2000000007,东北区域网,区域网,,,156,E368,巴拉嘎尔郭勒镇,117.4562**,44.3427**,巴拉嘎尔郭勒镇第二养牛场,8
GC2000000007,东北区域网,区域网,,,156,E369,红卫村,125.1176**,44.3082**,农安镇红卫村二组,8
GC2000000007,东北区域网,区域网,,,156,E370,果树厂,129.0197**,44.0200**,渤海镇果树厂耕地中,9
GC2000000007,东北区域网,区域网,,,156,E371,河湾子村,126.0916**,44.0180**,左家镇河湾子村十组,9
GC2000000007,东北区域网,区域网,,,156,E372,巴林左旗,119.2260**,43.5940**,林东镇胜利村,9
GC2000000007,东北区域网,区域网,,,156,E373,服先镇,123.5182**,43.5758**,服先镇服先村,9
GC2000000007,东北区域网,区域网,,,156,E374,满都拉图,113.4086**,43.5061**,苏尼特左旗满都拉图镇,9
GC2000000007,东北区域网,区域网,,,156,E375,绍根,120.4887**,43.3829**,赤峰市阿鲁科尔沁旗绍根镇绍根村,9
GC2000000007,东北区域网,区域网,,,156,E376,经棚,117.3390**,43.2421**,经棚镇长善村三地组,9
GC2000000007,东北区域网,区域网,,,156,E377,巴彦茫哈村,123.2295**,43.1554**,海鲁吐镇巴彦茫哈村,9
GC2000000007,东北区域网,区域网,,,156,E378,小河子,118.3347**,43.1454**,翁牛特旗五分地镇新地村小河子组,9
GC2000000007,东北区域网,区域网,,,156,E379,达尔罕乌拉,116.4653**,43.1436**,达尔罕乌拉苏木,9
GC2000000007,东北区域网,区域网,,,156,E380,梨树沟,131.0423**,43.0809**,春化镇梨树沟村,9
GC2000000007,东北区域网,区域网,,,156,E381,房身村,124.2185**,43.0787**,城东乡房身村,9
GC2000000007,东北区域网,区域网,,,156,E382,赛汗淖尔,115.3209**,43.0065**,那日图苏木赛汗淖尔嘎查,9
GC2000000007,东北区域网,区域网,,,156,E383,仁义屯,126.4370**,42.5995**,永吉街道办事处仁义屯村,9
GC2000000007,东北区域网,区域网,,,156,E384,江岸二队,110.4590**,42.5523**,江岸苏木江岸二队村,9
GC2000000007,东北区域网,区域网,,,156,E385,大沁塔拉镇,120.3882**,42.5179**,大沁塔拉镇,10
GC2000000007,东北区域网,区域网,,,156,E386,赛汉塔拉,112.4339**,42.4478**,赛汉塔拉镇,10
GC2000000007,东北区域网,区域网,,,156,E387,夏营子,117.3789**,42.4235**,芝瑞镇马架子村夏营子组,10
GC2000000007,东北区域网,区域网,,,156,E388,文贡淖尔,114.1270**,42.3483**,翁贡乌拉苏木文贡淖尔嘎查,10
GC2000000007,东北区域网,区域网,,,156,E389,横牌子,119.3634**,42.3821**,哈拉道口镇横牌子村头道沟组,10
GC2000000007,东北区域网,区域网,,,156,E390,准索伦,108.5660**,42.2314**,巴音乌拉苏木准索伦嘎查,10
GC2000000007,东北区域网,区域网,,,156,E391,朝阳,115.4895**,42.2073**,哈毕日嘎镇朝阳村一组,10
GC2000000007,东北区域网,区域网,,,156,E392,正镶白旗,114.5822**,42.1933**,明安图镇察汗淖尔社区,10
GC2000000007,东北区域网,区域网,,,156,E393,吉地村,129.1139**,42.1658**,南坪镇吉地村,10
GC2000000007,东北区域网,区域网,,,156,E394,杨家湾,118.0165**,42.0384**,杨家湾乡杨家湾村,10
GC2000000007,东北区域网,区域网,,,156,E395,力盖图,113.4988**,42.0098**,公腊胡洞乡公腊胡洞村力盖图组,10
GC2000000007,东北区域网,区域网,,,156,E396,德力乌苏,113.0868**,42.0008**,朱日和镇亦可乌素村德力乌素组,10
GC2000000007,东北区域网,区域网,,,156,E397,格什,111.1388**,41.4965**,吉生太乡格什村,10
GC2000000007,东北区域网,区域网,,,156,E398,大城子,118.5205**,41.4364**,大城子镇上五家村四组,10
GC2000000007,东北区域网,区域网,,,156,E399,北村,115.4140**,41.4063**,平定堡镇北村,10
GC2000000007,东北区域网,区域网,,,156,E400,三岔口,116.2259**,41.4190**,四岔口乡三岔口村,11
GC2000000007,东北区域网,区域网,,,156,E401,北沟门子乡,120.0321**,41.3588**,北沟门子乡北沟门子村(永茂星组),11
GC2000000007,东北区域网,区域网,,,156,E402,白虎沟,117.2753**,41.3484**,白虎沟蒙古族满族乡白虎沟村,11
GC2000000007,东北区域网,区域网,,,156,E403,德言庆庙村,114.2272**,41.3391**,两面井乡德言庆庙村,11
GC2000000007,东北区域网,区域网,,,156,E404,羊山镇,120.2089**,41.1390**,羊山镇南营子村,11
GC2000000007,东北区域网,区域网,,,156,E405,涝泥塘子村,119.3540**,41.2295**,富山街道办事处涝泥塘子村中组,11
GC2000000008,鄂尔多斯及其周缘,区域网,34.1860,108.1256,177,D001,双玉成,110.5608**,41.1894**,内蒙古武川县双玉成村,1
GC2000000008,鄂尔多斯及其周缘,区域网,34.1860,108.1256,177,D002,武川,111.2415**,41.0511**,内蒙古武川县武装部武器库,1
GC2000000008,鄂尔多斯及其周缘,区域网,34.1860,108.1256,177,D003,固阳,110.0332**,41.0126**,内蒙古固阳县,1
GC2000000008,鄂尔多斯及其周缘,区域网,34.1860,108.1256,177,D004,呼和浩特,111.4036**,40.5154**,内蒙古呼和浩特市巨华集团,1
GC2000000008,鄂尔多斯及其周缘,区域网,34.1860,108.1256,177,D005,土默特左旗,111.0990**,40.4372**,内蒙古土默特左旗职业中学,1
GC2000000008,鄂尔多斯及其周缘,区域网,34.1860,108.1256,177,D006,土默特右旗,110.3026**,40.3423**,内蒙古土默特右旗民族中学,1
GC2000000008,鄂尔多斯及其周缘,区域网,34.1860,108.1256,177,D007,包头,110.0297**,40.3663**,内蒙古包头市铁西烈士陵园,1
GC2000000008,鄂尔多斯及其周缘,区域网,34.1860,108.1256,177,D008,和林格尔,111.4661**,40.2191**,内蒙古和林格尔武装部,1
GC2000000008,鄂尔多斯及其周缘,区域网,34.1860,108.1256,177,D009,托克托,111.1211**,40.1532**,内蒙古托克托县民族小学,1
GC2000000008,鄂尔多斯及其周缘,区域网,34.1860,108.1256,177,D011,纳林,110.4739**,39.4659**,内蒙古准格尔旗沙圪堵镇纳林村,1
GC2000000008,鄂尔多斯及其周缘,区域网,34.1860,108.1256,177,D016,寿阳,113.0919**,37.5443**,山西省寿阳县城关乡下曲村,1
GC2000000008,鄂尔多斯及其周缘,区域网,34.1860,108.1256,177,D017,太原,112.3653**,37.5938**,山西省太原市尖草坪区阳曲镇欢咀村,1
GC2000000008,鄂尔多斯及其周缘,区域网,34.1860,108.1256,177,D018,范村,112.4789**,37.2922**,山西省太谷县范村镇范村,1
GC2000000008,鄂尔多斯及其周缘,区域网,34.1860,108.1256,177,D019,路家坡,112.2850**,37.1540**,山西省祁县来远镇路家坡村,1
GC2000000008,鄂尔多斯及其周缘,区域网,34.1860,108.1256,177,D020,交城,112.0579**,37.3230**,山西省交城市洪相乡洪相村,1
GC2000000008,鄂尔多斯及其周缘,区域网,34.1860,108.1256,177,D022,孝义,111.4697**,37.0962**,山西省孝义市国营苗圃,2
GC2000000008,鄂尔多斯及其周缘,区域网,34.1860,108.1256,177,D023,武乡,112.4937**,36.4888**,山西省武乡县城关镇西河底村,2
GC2000000008,鄂尔多斯及其周缘,区域网,34.1860,108.1256,177,D024,灵石,111.4898**,36.5178**,山西省灵石县水峪乡南王中村,2
GC2000000008,鄂尔多斯及其周缘,区域网,34.1860,108.1256,177,D025,沁源,112.2128**,36.3328**,山西省沁源县城关镇丁家湾村,2
GC2000000008,鄂尔多斯及其周缘,区域网,34.1860,108.1256,177,D026,安泽,112.1365**,36.0990**,山西省安泽县城关镇石桥沟村,2
GC2000000008,鄂尔多斯及其周缘,区域网,34.1860,108.1256,177,D027,洪洞,111.4635**,36.1583**,山西省洪洞县广胜寺镇封里村,2
GC2000000008,鄂尔多斯及其周缘,区域网,34.1860,108.1256,177,D028,隰县,110.5623**,36.4278**,山西省隰县城关镇古城村果树开发服务中心,2
GC2000000008,鄂尔多斯及其周缘,区域网,34.1860,108.1256,177,D029,临汾,111.3286**,36.0795**,山西省临汾市屯里乡西张堡村,2
GC2000000008,鄂尔多斯及其周缘,区域网,34.1860,108.1256,177,D030,吉县,110.4088**,36.0554**,山西省吉县城关镇水洞沟村,2
GC2000000008,鄂尔多斯及其周缘,区域网,34.1860,108.1256,177,D031,沁水,112.1229**,35.4123**,山西省沁水县城关镇景家沟村,2
GC2000000008,鄂尔多斯及其周缘,区域网,34.1860,108.1256,177,D032,曲沃,111.1995**,35.3286**,山西省侯马市上马乡隘口村,2
GC2000000008,鄂尔多斯及其周缘,区域网,34.1860,108.1256,177,D033,河津,110.4151**,35.3575**,山西省河津市城关镇东夭头村,2
GC2000000008,鄂尔多斯及其周缘,区域网,34.1860,108.1256,177,D034,垣曲,111.4047**,35.1720**,山西省垣曲县新城镇安窝村,2
GC2000000008,鄂尔多斯及其周缘,区域网,34.1860,108.1256,177,D035,运城,110.5823**,34.5982**,山西省运城市南城办事处南郊居委会,2
GC2000000008,鄂尔多斯及其周缘,区域网,34.1860,108.1256,177,D036,合阳,110.1052**,35.1651**,陕西省合阳县知堡乡项村,2
GC2000000008,鄂尔多斯及其周缘,区域网,34.1860,108.1256,177,D037,陕县,111.0976**,34.4584**,河南省陕县张湾乡雷家湾村,3
GC2000000008,鄂尔多斯及其周缘,区域网,34.1860,108.1256,177,D038,永济,110.2285**,34.4930**,山西省永济市任阳乡西姚温村,3
GC2000000008,鄂尔多斯及其周缘,区域网,34.1860,108.1256,177,D039,卢氏,111.0317**,34.0400**,河南省卢氏县城郊乡西湾子村,3
GC2000000008,鄂尔多斯及其周缘,区域网,34.1860,108.1256,177,D040,白云鄂博,109.5818**,41.4548**,内蒙古包头市第十八中学,3
GC2000000008,鄂尔多斯及其周缘,区域网,34.1860,108.1256,177,D041,乌拉特中旗,108.3093**,41.3460**,内蒙古乌拉特中旗原第三小学,3
GC2000000008,鄂尔多斯及其周缘,区域网,34.1860,108.1256,177,D042,乌拉特后旗,106.5855**,41.2591**,内蒙古乌拉特后旗赛乌素镇原乌拉特后旗气象,3
GC2000000008,鄂尔多斯及其周缘,区域网,34.1860,108.1256,177,D043,西斗铺,109.4780**,41.1358**,内蒙古固阳县西斗铺,3
GC2000000008,鄂尔多斯及其周缘,区域网,34.1860,108.1256,177,D044,大佘太,109.0831**,41.0189**,内蒙古乌拉特前旗大佘太镇,3
GC2000000008,鄂尔多斯及其周缘,区域网,34.1860,108.1256,177,D045,五原,108.1503**,41.0662**,内蒙古五原县气象局院内,3
GC2000000008,鄂尔多斯及其周缘,区域网,34.1860,108.1256,177,D047,杭锦后旗,107.0919**,40.5342**,内蒙古杭锦后旗金华金属有限责任公司,3
GC2000000008,鄂尔多斯及其周缘,区域网,34.1860,108.1256,177,D048,哈业胡同,109.2919**,40.3839**,内蒙古包头郊区哈业胡同中学,3
GC2000000008,鄂尔多斯及其周缘,区域网,34.1860,108.1256,177,D049,新安镇,108.3846**,40.5195**,内蒙古乌拉特前旗新安镇,3
GC2000000008,鄂尔多斯及其周缘,区域网,34.1860,108.1256,177,D050,吉日嘎郎图,107.5693**,40.4764**,内蒙古伊克昭盟杭锦旗吉日嘎郎图镇,3
GC2000000008,鄂尔多斯及其周缘,区域网,34.1860,108.1256,177,D052,展旦召,109.5601**,40.1879**,内蒙古达拉特旗展旦召村,3
GC2000000008,鄂尔多斯及其周缘,区域网,34.1860,108.1256,177,D053,磴口,106.5943**,40.1960**,内蒙古磴口县,3
GC2000000008,鄂尔多斯及其周缘,区域网,34.1860,108.1256,177,D054,东胜,110.0038**,39.4886**,鄂尔多斯市气象局东胜国家基准气候站,4
GC2000000008,鄂尔多斯及其周缘,区域网,34.1860,108.1256,177,D055,杭锦旗,108.4377**,39.5174**,内蒙古杭锦旗武装部,4
GC2000000008,鄂尔多斯及其周缘,区域网,34.1860,108.1256,177,D056,成吉思汗陵,109.4708**,39.2127**,,4
GC2000000008,鄂尔多斯及其周缘,区域网,34.1860,108.1256,177,D057,鄂托克旗,107.5988**,39.0569**,内蒙古鄂托克旗武装部,4
GC2000000008,鄂尔多斯及其周缘,区域网,34.1860,108.1256,177,D058,榆林,109.4951**,38.1708**,陕西省榆林市榆阳区青云乡郑川村,4
GC2000000008,鄂尔多斯及其周缘,区域网,34.1860,108.1256,177,D059,大庙,107.1380**,38.2942**,内蒙古鄂托克前旗大庙乡,4
GC2000000008,鄂尔多斯及其周缘,区域网,34.1860,108.1256,177,D061,延安,109.2586**,36.3945**,陕西省延安市宝塔区河庄坪镇石圪塔村,4
GC2000000008,鄂尔多斯及其周缘,区域网,34.1860,108.1256,177,D062,环县,107.1112**,36.4652**,甘肃省环县洪德城乡洪德村,4
GC2000000008,鄂尔多斯及其周缘,区域网,34.1860,108.1256,177,D064,黄龙,109.4947**,35.3516**,陕西省黄龙县石堡镇麻地湾村,4
GC2000000008,鄂尔多斯及其周缘,区域网,34.1860,108.1256,177,D065,泾川,107.2362**,35.1750**,甘肃省泾川县太平乡何家村,4
GC2000000008,鄂尔多斯及其周缘,区域网,34.1860,108.1256,177,D066,铜川,108.5956**,34.5862**,陕西省耀县董家河镇王家砭村,4
GC2000000008,鄂尔多斯及其周缘,区域网,34.1860,108.1256,177,D068,蒲城,109.3743**,34.5942**,陕西省蒲城县翔村乡八福村,4
GC2000000008,鄂尔多斯及其周缘,区域网,34.1860,108.1256,177,D069,大荔,109.5702**,34.4838**,陕西省大荔县地震台,4
GC2000000008,鄂尔多斯及其周缘,区域网,34.1860,108.1256,177,D070,华县,109.4232**,34.2723**,陕西省华县瓜坡镇井沟行政村,4
GC2000000008,鄂尔多斯及其周缘,区域网,34.1860,108.1256,177,D071,泾阳,108.5415**,34.3343**,陕西省泾阳县三渠乡三徐村,4
GC2000000008,鄂尔多斯及其周缘,区域网,34.1860,108.1256,177,D072,乾县,108.1441**,34.2920**,陕西省乾县长留乡初级中学,5
GC2000000008,鄂尔多斯及其周缘,区域网,34.1860,108.1256,177,D073,岐山,107.3456**,34.2561**,陕西省岐山县凤鸣镇刘家塬村,5
GC2000000008,鄂尔多斯及其周缘,区域网,34.1860,108.1256,177,D074,风翔,107.2260**,34.2821**,陕西凤翔县南指挥镇八旗屯村二组,5
GC2000000008,鄂尔多斯及其周缘,区域网,34.1860,108.1256,177,D075,金堆城,109.5894**,34.2020**,陕西省华县金堆城镇寺坪村,5
GC2000000008,鄂尔多斯及其周缘,区域网,34.1860,108.1256,177,D077,武功,108.1153**,34.1848**,陕西省武功县贞元乡宋家村北,5
GC2000000008,鄂尔多斯及其周缘,区域网,34.1860,108.1256,177,D078,商县,109.5593**,33.5280**,陕西省商洛市张坡村,5
GC2000000008,鄂尔多斯及其周缘,区域网,34.1860,108.1256,177,D079,子午镇,108.5460**,34.0321**,陕西省长安县子午镇南东1公里处,5
GC2000000008,鄂尔多斯及其周缘,区域网,34.1860,108.1256,177,D080,周至,108.0925**,34.0693**,陕西省周至县广济镇广济村,5
GC2000000008,鄂尔多斯及其周缘,区域网,34.1860,108.1256,177,D081,眉县南,107.3897**,34.0462**,陕西省太白县鹰鸽咀乡马耳山一队,5
GC2000000008,鄂尔多斯及其周缘,区域网,34.1860,108.1256,177,D082,太白,107.1719**,34.0556**,陕西省太白县咀头镇七里川村,5
GC2000000008,鄂尔多斯及其周缘,区域网,34.1860,108.1256,177,D083,碱柜,106.4550**,39.5536**,内蒙古鄂托克旗碱柜乡,5
GC2000000008,鄂尔多斯及其周缘,区域网,34.1860,108.1256,177,D084,乌海,106.4804**,39.4007**,内蒙古乌海市海渤湾区蒙西花园B区,5
GC2000000008,鄂尔多斯及其周缘,区域网,34.1860,108.1256,177,D085,吉兰泰,105.4560**,39.4418**,内蒙古阿拉善左旗吉兰泰盐场,5
GC2000000008,鄂尔多斯及其周缘,区域网,34.1860,108.1256,177,D086,乌达,106.4372**,39.2985**,内蒙古乌海市乌达区,5
GC2000000008,鄂尔多斯及其周缘,区域网,34.1860,108.1256,177,D088,汝箕沟,106.0642**,39.0292**,宁夏自治区平罗县汝箕沟镇,5
GC2000000008,鄂尔多斯及其周缘,区域网,34.1860,108.1256,177,D089,石嘴山,106.2827**,39.0473**,宁夏自治区惠农县国营简泉农场,6
GC2000000008,鄂尔多斯及其周缘,区域网,34.1860,108.1256,177,D090,陶乐,106.4164**,38.4793**,宁夏回族自治区平罗县陶乐镇东园村1队,6
GC2000000008,鄂尔多斯及其周缘,区域网,34.1860,108.1256,177,D091,暖泉,106.1218**,38.4450**,宁夏贺兰县暖泉农场学校院内,6
GC2000000008,鄂尔多斯及其周缘,区域网,34.1860,108.1256,177,D093,月牙湖,106.3389**,38.3240**,宁夏自治区陶乐县月牙湖牧场场部院内,6
GC2000000008,鄂尔多斯及其周缘,区域网,34.1860,108.1256,177,D095,长流水,105.4116**,38.2683**,内蒙古自治区阿拉善左旗腰坝乡长流水村,6
GC2000000008,鄂尔多斯及其周缘,区域网,34.1860,108.1256,177,D096,白土岗,106.2117**,37.4847**,宁夏灵武市白土岗乡白土岗村,6
GC2000000008,鄂尔多斯及其周缘,区域网,34.1860,108.1256,177,D098,惠安堡,106.4053**,37.2716**,宁夏盐池县惠安堡镇薛园村,6
GC2000000008,鄂尔多斯及其周缘,区域网,34.1860,108.1256,177,D301,庆城,113.0065**,37.2797**,长凝镇庆城村,6
GC2000000008,鄂尔多斯及其周缘,区域网,34.1860,108.1256,177,D302,公益盖沟,110.5594**,39.5867**,布尔陶亥苏木公益盖沟村,6
GC2000000008,鄂尔多斯及其周缘,区域网,34.1860,108.1256,177,D303,乌兰不浪,111.0307**,40.0561**,大路镇乌兰不浪村小乌兰不浪组,6
GC2000000008,鄂尔多斯及其周缘,区域网,34.1860,108.1256,177,D304,伍什家,111.1672**,40.2187**,伍什家镇树林村,6
GC2000000008,鄂尔多斯及其周缘,区域网,34.1860,108.1256,177,D305,西王庄,111.2883**,40.3816**,白庙子镇西王庄村,6
GC2000000008,鄂尔多斯及其周缘,区域网,34.1860,108.1256,177,D306,章盖营,111.3476**,40.4518**,小黑河镇章盖营村,6
GC2000000008,鄂尔多斯及其周缘,区域网,34.1860,108.1256,177,D307,黄花窝铺,111.4790**,41.0336**,保合少镇水墨村黄花窝铺,6
GC2000000008,鄂尔多斯及其周缘,区域网,34.1860,108.1256,177,D308,萤石矿,108.5604**,41.5628**,巴音乌兰苏木红光嘎查三队,6
GC2000000008,鄂尔多斯及其周缘,区域网,34.1860,108.1256,177,D309,呼勒斯太沟,107.3832**,41.2611**,呼勒斯太苏木呼勒斯太嘎查三队,7
GC2000000008,鄂尔多斯及其周缘,区域网,34.1860,108.1256,177,D310,敖包图,107.5213**,41.5017**,乌拉特中旗川井苏木呼吉勒图嘎查敖包图组,7
GC2000000008,鄂尔多斯及其周缘,区域网,34.1860,108.1256,177,D311,水泉,108.4018**,41.1348**,乌拉特中旗德岭山镇胜利村水泉组,7
GC2000000008,鄂尔多斯及其周缘,区域网,34.1860,108.1256,177,D312,巴音花,109.1407**,41.3160**,乌拉特中旗石哈河镇石哈河村四大股组,7
GC2000000008,鄂尔多斯及其周缘,区域网,34.1860,108.1256,177,D313,色汽口,109.3218**,40.5552**,明安镇色汽口村三组,7
GC2000000008,鄂尔多斯及其周缘,区域网,34.1860,108.1256,177,D314,柳林,109.4365**,40.2785**,展旦召苏木柳林村,7
GC2000000008,鄂尔多斯及其周缘,区域网,34.1860,108.1256,177,D315,公盖壕,110.1410**,40.4996**,五当召镇三岔口二队（公盖壕）,7
GC2000000008,鄂尔多斯及其周缘,区域网,34.1860,108.1256,177,D316,大树圪梁,110.1440**,40.2395**,王爱召镇新和村大树圪梁组,7
GC2000000008,鄂尔多斯及其周缘,区域网,34.1860,108.1256,177,D317,满洞渠,110.1988**,41.1967**,怀塑镇怀塑新村满洞渠组,7
GC2000000008,鄂尔多斯及其周缘,区域网,34.1860,108.1256,177,D318,小营子,110.4988**,40.5699**,哈拉合少乡庙渠子村小营子组,7
GC2000000008,鄂尔多斯及其周缘,区域网,34.1860,108.1256,177,D319,沙海子,110.5303**,40.2657**,双龙镇沙海子村,7
GC2000000008,鄂尔多斯及其周缘,区域网,34.1860,108.1256,177,D320,圪西盖沟,111.2800**,40.0998**,喇嘛湾镇落四坪村圪西盖沟组,7
GC2000000008,鄂尔多斯及其周缘,区域网,34.1860,108.1256,177,D321,黄合少,111.5914**,40.4174**,黄合少镇西黄合少村,7
GC2000000008,鄂尔多斯及其周缘,区域网,34.1860,108.1256,177,D322,西嘴子,111.5789**,40.2539**,城关镇新营子村西嘴子组,7
GC2000000008,鄂尔多斯及其周缘,区域网,34.1860,108.1256,177,D323,乌拉哈达,112.2957**,41.5115**,供济堂镇乌拉哈达村三队公忽洞,7
GC2000000008,鄂尔多斯及其周缘,区域网,34.1860,108.1256,177,D324,老虎沟,111.4527**,39.5411**,城关镇老虎沟村,8
GC2000000008,鄂尔多斯及其周缘,区域网,34.1860,108.1256,177,D325,织女泉,112.3951**,39.3825**,下喇叭乡织女泉村,8
GC2000000008,鄂尔多斯及其周缘,区域网,34.1860,108.1256,177,D326,梨井,112.3312**,38.5150**,大牛店镇梨井村,8
GC2000000008,鄂尔多斯及其周缘,区域网,34.1860,108.1256,177,D327,杨胡,112.3256**,38.3478**,奇村镇杨胡村,8
GC2000000008,鄂尔多斯及其周缘,区域网,34.1860,108.1256,177,D328,井沟,112.2786**,38.1178**,泥屯镇井沟村,8
GC2000000008,鄂尔多斯及其周缘,区域网,34.1860,108.1256,177,D329,东岭,112.1087**,37.5001**,古交市桃园街道李家社村东岭,8
GC2000000008,鄂尔多斯及其周缘,区域网,34.1860,108.1256,177,D330,寨则,111.4055**,37.3987**,会立乡寨则村,8
GC2000000008,鄂尔多斯及其周缘,区域网,34.1860,108.1256,177,D331,金庄,111.4400**,37.2384**,峪道河镇金庄村,8
GC2000000008,鄂尔多斯及其周缘,区域网,34.1860,108.1256,177,D332,西交子,111.2171**,37.0452**,桃红坡镇西交子村,8
GC2000000008,鄂尔多斯及其周缘,区域网,34.1860,108.1256,177,D333,黑池,110.1251**,35.0511**,黑池镇申庄村,8
GC2000000008,鄂尔多斯及其周缘,区域网,34.1860,108.1256,177,D334,灵口,110.2916**,34.0164**,灵口镇五龙村,8
GC2000000008,鄂尔多斯及其周缘,区域网,34.1860,108.1256,177,D335,李家山,110.4815**,34.2906**,焦村镇上李家山村,8
GC2000000008,鄂尔多斯及其周缘,区域网,34.1860,108.1256,177,D336,北景,110.4317**,35.1335**,北景乡,8
GC2000000008,鄂尔多斯及其周缘,区域网,34.1860,108.1256,177,D337,修善,110.5951**,35.2928**,太阳乡修善村,8
GC2000000008,鄂尔多斯及其周缘,区域网,34.1860,108.1256,177,D338,西村,111.0244**,35.5327**,关王庙乡西村,8
GC2000000008,鄂尔多斯及其周缘,区域网,34.1860,108.1256,177,D339,胡张,111.1400**,35.1597**,胡张乡,9
GC2000000008,鄂尔多斯及其周缘,区域网,34.1860,108.1256,177,D340,太山坡,111.2406**,36.1039**,土门镇太山坡村,9
GC2000000008,鄂尔多斯及其周缘,区域网,34.1860,108.1256,177,D341,大陈,111.2431**,35.5574**,南辛店乡大陈村,9
GC2000000008,鄂尔多斯及其周缘,区域网,34.1860,108.1256,177,D342,水头,111.1172**,36.5338**,水头镇碾子沟村,9
GC2000000008,鄂尔多斯及其周缘,区域网,34.1860,108.1256,177,D343,刘家垣,111.3126**,36.2442**,刘家垣镇楼村,9
GC2000000008,鄂尔多斯及其周缘,区域网,34.1860,108.1256,177,D344,东段,111.3703**,36.0580**,段店乡东段村,9
GC2000000008,鄂尔多斯及其周缘,区域网,34.1860,108.1256,177,D345,苇沟,111.4076**,35.4615**,唐兴镇苇沟村,9
GC2000000008,鄂尔多斯及其周缘,区域网,34.1860,108.1256,177,D346,坻坞,111.5044**,34.4981**,仁村乡南坻坞北缸沟村,9
GC2000000008,鄂尔多斯及其周缘,区域网,34.1860,108.1256,177,D347,霍州,111.4309**,36.3343**,南环办事处龙口村,9
GC2000000008,鄂尔多斯及其周缘,区域网,34.1860,108.1256,177,D348,上阳,111.4224**,36.0334**,大阳镇上阳村,9
GC2000000008,鄂尔多斯及其周缘,区域网,34.1860,108.1256,177,D349,山交,112.0314**,35.5468**,寨圪塔乡山交村,9
GC2000000008,鄂尔多斯及其周缘,区域网,34.1860,108.1256,177,D350,寄谷庄,112.0626**,37.2077**,下曲镇寄谷庄村,9
GC2000000008,鄂尔多斯及其周缘,区域网,34.1860,108.1256,177,D351,神南,112.1355**,37.0099**,卜宜乡神南村,9
GC2000000008,鄂尔多斯及其周缘,区域网,34.1860,108.1256,177,D352,小武,112.2703**,37.2974**,孟封镇小武村,9
GC2000000008,鄂尔多斯及其周缘,区域网,34.1860,108.1256,177,D353,椒沟,112.2708**,33.5130**,王坪镇椒沟村,9
GC2000000008,鄂尔多斯及其周缘,区域网,34.1860,108.1256,177,D354,沙圪堵,108.3602**,40.3703**,独贵塔拉镇沙圪堵淖尔村,10
GC2000000008,鄂尔多斯及其周缘,区域网,34.1860,108.1256,177,D355,哈腾套海,106.2863**,40.3659**,沙金镇哈腾套海,10
GC2000000008,鄂尔多斯及其周缘,区域网,34.1860,108.1256,177,D356,呼和木独,107.1604**,40.3400**,呼和木独镇沙海子村,10
GC2000000008,鄂尔多斯及其周缘,区域网,34.1860,108.1256,177,D357,庆格勒,105.5079**,40.1725**,吉兰泰镇庆格勒,10
GC2000000008,鄂尔多斯及其周缘,区域网,34.1860,108.1256,177,D358,恩格贝,109.1888**,40.2779**,恩格贝镇新圪旦村,10
GC2000000008,鄂尔多斯及其周缘,区域网,34.1860,108.1256,177,D359,马场壕,110.3344**,39.5993**,达拉特旗吉格斯太镇马场壕村,10
GC2000000008,鄂尔多斯及其周缘,区域网,34.1860,108.1256,177,D360,银根,105.0601**,40.5068**,乌力吉苏木银根,10
GC2000000008,鄂尔多斯及其周缘,区域网,34.1860,108.1256,177,D361,燕家堡,112.1332**,39.5123**,威远镇台子村,10
GC2000000008,鄂尔多斯及其周缘,区域网,34.1860,108.1256,177,D362,公卡汉,107.3816**,39.5081**,棋盘井镇公卡汉,10
GC2000000008,鄂尔多斯及其周缘,区域网,34.1860,108.1256,177,D363,大盐丰营,112.5300**,39.3883**,金沙滩镇大盐丰营村,10
GC2000000008,鄂尔多斯及其周缘,区域网,34.1860,108.1256,177,D364,查干陶勒盖,105.4633**,39.2178**,吉兰泰镇瑙干陶力,10
GC2000000008,鄂尔多斯及其周缘,区域网,34.1860,108.1256,177,D365,巴音陶亥,106.5518**,39.0904**,巴音陶亥镇,10
GC2000000008,鄂尔多斯及其周缘,区域网,34.1860,108.1256,177,D366,孤山,110.5415**,39.0443**,孤山镇南关村城内组,10
GC2000000008,鄂尔多斯及其周缘,区域网,34.1860,108.1256,177,D367,西大滩,106.2656**,38.5363**,农牧场一队,10
GC2000000008,鄂尔多斯及其周缘,区域网,34.1860,108.1256,177,D368,通古淖尔,105.2380**,38.4582**,通古淖尔乡,10
GC2000000008,鄂尔多斯及其周缘,区域网,34.1860,108.1256,177,D369,新堡,111.5732**,38.3636**,新堡乡新堡村,11
GC2000000008,鄂尔多斯及其周缘,区域网,34.1860,108.1256,177,D370,乌审旗,108.5044**,38.2955**,苏力定镇塔来乌素上二队,11
GC2000000008,鄂尔多斯及其周缘,区域网,34.1860,108.1256,177,D371,双庙,106.3492**,38.1243**,临河镇张家窑子村,11
GC2000000008,鄂尔多斯及其周缘,区域网,34.1860,108.1256,177,D372,靖边,108.4541**,37.3553**,张家畔镇新伙场村红柳滩,11
GC2000000008,鄂尔多斯及其周缘,区域网,34.1860,108.1256,177,D373,绥德,110.1717**,37.2798**,辛店乡鱼池沟村,11
GC2000000008,鄂尔多斯及其周缘,区域网,34.1860,108.1256,177,D374,罗村,110.5714**,36.5868**,罗村镇罗村,11
GC2000000008,鄂尔多斯及其周缘,区域网,34.1860,108.1256,177,D375,金佛坪,108.1125**,36.4938**,吴起镇金佛坪村,11
GC2000000008,鄂尔多斯及其周缘,区域网,34.1860,108.1256,177,D376,佃坪,111.2213**,36.3816**,佃坪乡高堡底村,11
GC2000000008,鄂尔多斯及其周缘,区域网,34.1860,108.1256,177,D377,双龙,108.5878**,35.3986**,双龙镇石岔砭村,11
GC2000000008,鄂尔多斯及其周缘,区域网,34.1860,108.1256,177,D378,张河,109.1498**,35.2211**,五里镇张河村,11
GC2000000008,鄂尔多斯及其周缘,区域网,34.1860,108.1256,177,D379,东咀,108.2052**,34.4862**,南坊镇东咀村,11
GC2000000008,鄂尔多斯及其周缘,区域网,34.1860,108.1256,177,D380,叱干,108.2732**,34.4199**,叱干镇魏北村,11
GC2000000008,鄂尔多斯及其周缘,区域网,34.1860,108.1256,177,D381,相桥,109.2202**,34.3711**,相桥街道办事处,11
GC2000000008,鄂尔多斯及其周缘,区域网,34.1860,108.1256,177,D382,小应,108.3430**,34.3348**,烽火镇小应村,11
GC2000000008,鄂尔多斯及其周缘,区域网,34.1860,108.1256,177,D383,周陵,108.4192**,34.2330**,周陵镇西大寨村,11
GC2000000008,鄂尔多斯及其周缘,区域网,34.1860,108.1256,177,D384,钓台,108.4321**,34.1888**,钓台镇郭村一组,12
GC2000000008,鄂尔多斯及其周缘,区域网,34.1860,108.1256,177,D385,眉县,107.4040**,34.1593**,第五村乡杨千户寨村,12
GC2000000008,鄂尔多斯及其周缘,区域网,34.1860,108.1256,177,D386,三官庙,109.2509**,34.1297**,三官庙乡面张岭村,12
GC2000000008,鄂尔多斯及其周缘,区域网,34.1860,108.1256,177,DB01,呼勒斯太苏木,107.4574**,41.1728**,内蒙古自治区巴彦淖尔市乌拉特中旗呼勒斯太,12
GC2000000008,鄂尔多斯及其周缘,区域网,34.1860,108.1256,177,DB02,石兰计,107.2933**,41.1589**,内蒙古自治区巴彦淖尔市乌拉特中旗乌加河镇,12
GC2000000008,鄂尔多斯及其周缘,区域网,34.1860,108.1256,177,DB03,庆城,107.4736**,36.0355**,甘肃省庆城县三十里铺镇张家砭村,12
GC2000000008,鄂尔多斯及其周缘,区域网,34.1860,108.1256,177,DB04,石炭井,106.2039**,39.1466**,宁夏回族自治区石嘴山市大武口区石炭井街道,12
GC2000000008,鄂尔多斯及其周缘,区域网,34.1860,108.1256,177,DB05,银川,106.1018**,38.2455**,宁夏回族自治区银川市金凤区良田镇植物园村,12
GC2000000008,鄂尔多斯及其周缘,区域网,34.1860,108.1256,177,DB06,惠安堡,106.4187**,37.2721**,宁夏回族自治区盐池县惠安堡镇薛园村,12
GC2000000008,鄂尔多斯及其周缘,区域网,34.1860,108.1256,177,DB10,寿阳,113.0969**,37.5470**,山西省寿阳县气象局,12
GC2000000008,鄂尔多斯及其周缘,区域网,34.1860,108.1256,177,DN01,青铜峡,105.5594**,37.5567**,宁夏回族自治区青铜峡市大坝镇火车站西北,12
GC2000000008,鄂尔多斯及其周缘,区域网,34.1860,108.1256,177,H004,留坝,106.5541**,33.3732**,陕西省留坝县城关镇,12
GC2000000009,关中盆地,区域网,33.5138,108.4609,0,,,,,,
GC2000000010,国家高精度GPS网青藏测区,区域网,33.5463,97.1679,0,,,,,,
GC2000000011,国家高精度GPS网青海测区,区域网,34.1610,99.1263,0,,,,,,
GC2000000012,河西(C)网,区域网,37.5757,100.5628,0,,,,,,
GC2000000013,红河断裂带,区域网,25.0550,99.0974,0,,,,,,
GC2000000014,华北、中南区域网,区域网,,,103,C001,黄骅,117.2411**,38.2127**,城关镇新立村,1
GC2000000014,华北、中南区域网,区域网,,,103,C002,沧州,116.4596**,38.1811**,河北省沧县纸房头乡东纪洼村,1
GC2000000014,华北、中南区域网,区域网,,,103,C004,安国,115.1794**,38.2540**,河北省安国市光荣院,1
GC2000000014,华北、中南区域网,区域网,,,103,C005,盐山,117.1075**,38.0263**,河北省盐山县盐山镇大韩庄,1
GC2000000014,华北、中南区域网,区域网,,,103,C006,新乐,114.3809**,38.1962**,河北省新乐市综合养殖场,1
GC2000000014,华北、中南区域网,区域网,,,103,C007,献县,116.0562**,38.1412**,河北省献县臧桥乡臧桥村,1
GC2000000014,华北、中南区域网,区域网,,,103,C009,宁津,116.4966**,37.3935**,山东省宁津县宁津镇刘于村,1
GC2000000014,华北、中南区域网,区域网,,,103,C010,景县,116.1785**,37.4109**,河北省景县景州镇东马庄村,1
GC2000000014,华北、中南区域网,区域网,,,103,C011,衡水,115.4039**,37.4158**,河北省衡水市彭杜乡赵杜村,1
GC2000000014,华北、中南区域网,区域网,,,103,C012,宁晋,114.5370**,37.3798**,河北省宁晋县凤凰镇东南汪村西城区中学,1
GC2000000014,华北、中南区域网,区域网,,,103,C013,元氏,114.2315**,37.5291**,河北元氏县姬村乡姬村中学（又名元氏八中）,1
GC2000000014,华北、中南区域网,区域网,,,103,C014,西柏坡,113.5680**,38.2041**,河北平山西柏坡乡东柏坡村,1
GC2000000014,华北、中南区域网,区域网,,,103,C015,平山,114.1047**,38.1222**,河北省平山县里庄乡里庄村66267部队院,1
GC2000000014,华北、中南区域网,区域网,,,103,C016,石家庄,114.2161**,38.0180**,河北省鹿泉市上庄镇,1
GC2000000014,华北、中南区域网,区域网,,,103,C017,阳泉,113.3638**,37.5025**,山西阳泉市义井镇河下村,1
GC2000000014,华北、中南区域网,区域网,,,103,C018,阳信,117.3419**,37.3639**,山东省阳信县河流乡崔家池村,2
GC2000000014,华北、中南区域网,区域网,,,103,C019,陵县,116.3362**,37.1932**,山东省陵县陵城镇杨堤口村,2
GC2000000014,华北、中南区域网,区域网,,,103,C020,夏津,115.5787**,36.5608**,山东省夏津县夏津镇塔坡村,2
GC2000000014,华北、中南区域网,区域网,,,103,C021,清河,115.3725**,37.0389**,河北省清河县职教中心,2
GC2000000014,华北、中南区域网,区域网,,,103,C022,南宫,115.2321**,37.1906**,河北省南宫市职业教育中心,2
GC2000000014,华北、中南区域网,区域网,,,103,C023,隆尧,114.4510**,37.2173**,河北省隆尧县隆尧一中,2
GC2000000014,华北、中南区域网,区域网,,,103,C025,左权,113.2262**,37.0511**,山西省左权县第二中学,2
GC2000000014,华北、中南区域网,区域网,,,103,C026,禹城,116.3615**,36.5694**,山东省禹城市面上县十里望回族乡李庄村,2
GC2000000014,华北、中南区域网,区域网,,,103,C027,东阿,116.1333**,36.2064**,山东省东阿县铜城镇西关村,2
GC2000000014,华北、中南区域网,区域网,,,103,C028,冠县,115.2595**,36.2899**,山东省冠县冠城镇元庄村,2
GC2000000014,华北、中南区域网,区域网,,,103,C029,曲周,114.5798**,36.4651**,河北省曲周县第一中学,2
GC2000000014,华北、中南区域网,区域网,,,103,C030,成安,114.4194**,36.2615**,河北省成安县一中,2
GC2000000014,华北、中南区域网,区域网,,,103,C031,武安,114.1231**,36.4184**,河北省武安市职教中心,2
GC2000000014,华北、中南区域网,区域网,,,103,C032,涉县,113.3891**,36.3495**,河北省涉县城关乡上清凉村,2
GC2000000014,华北、中南区域网,区域网,,,103,C035,梁山,116.0554**,35.4736**,山东省梁山县水泊风景区梁山山头,2
GC2000000014,华北、中南区域网,区域网,,,103,C036,阳谷,115.4785**,36.0805**,山东省阳谷县城关镇北徐村,3
GC2000000014,华北、中南区域网,区域网,,,103,C038,滑县,114.3253**,35.3401**,河南省滑县烈士陵园,3
GC2000000014,华北、中南区域网,区域网,,,103,C040,辉县,113.4666**,35.3039**,河南省辉县市百泉镇南关村,3
GC2000000014,华北、中南区域网,区域网,,,103,C041,林县,113.4765**,36.0049**,河南省林州市合涧镇北山村,3
GC2000000014,华北、中南区域网,区域网,,,103,C042,平顺,113.2625**,36.1285**,山西省长治市平顺县城关村,3
GC2000000014,华北、中南区域网,区域网,,,103,C044,菏泽,115.2512**,35.1578**,山东省菏泽市八一路农业学校,3
GC2000000014,华北、中南区域网,区域网,,,103,C045,东明,115.0525**,35.1790**,山东省东明县体育委员会,3
GC2000000014,华北、中南区域网,区域网,,,103,C046,延津,114.1037**,35.1053**,河南省延津县小潭乡文岩村,3
GC2000000014,华北、中南区域网,区域网,,,103,C047,焦作,113.1235**,35.1679**,河南省焦作市解放区狮涧村,3
GC2000000014,华北、中南区域网,区域网,,,103,C049,商丘,115.3778**,34.2689**,河南省商丘市71315部队,3
GC2000000014,华北、中南区域网,区域网,,,103,C050,开封,114.2121**,34.4539**,河南开封南郊乡大李庄魁庄村,3
GC2000000014,华北、中南区域网,区域网,,,103,C052,洛阳,112.2464**,34.4233**,河南省洛阳市邙山镇中沟村,3
GC2000000014,华北、中南区域网,区域网,,,103,C053,许昌,113.5178**,34.0185**,河南省许昌市半截河乡焦庄,3
GC2000000014,华北、中南区域网,区域网,,,103,C055,嵩县,112.0258**,34.0767**,河南省嵩县何村乡谢岭村,3
GC2000000014,华北、中南区域网,区域网,,,103,C056,汝南,114.2092**,33.0132**,河南省汝南县园艺场,3
GC2000000014,华北、中南区域网,区域网,,,103,C057,南召,112.2691**,33.2975**,河南省南召县城郊乡竹园沟村,4
GC2000000014,华北、中南区域网,区域网,,,103,C058,阜阳,115.4750**,32.5638**,安徽省阜阳市颖泉区阜阳工业园区,4
GC2000000014,华北、中南区域网,区域网,,,103,C059,泌阳,113.1893**,32.4564**,河南省泌阳县花园乡孟庄大队,4
GC2000000014,华北、中南区域网,区域网,,,103,C060,西峡,111.2845**,33.1652**,河南省西峡县五里桥乡大沟口,4
GC2000000014,华北、中南区域网,区域网,,,103,C061,金寨,115.5259**,31.4187**,安徽省金寨县梅山镇梅江街道办事处,4
GC2000000014,华北、中南区域网,区域网,,,103,C062,信阳,114.0413**,32.0555**,河南省信阳市五星乡,4
GC2000000014,华北、中南区域网,区域网,,,103,C063,新野,112.2118**,32.3206**,河南省新野县城郊乡团结村,4
GC2000000014,华北、中南区域网,区域网,,,103,C064,红安,114.3898**,31.1563**,湖北红安县杏花乡陡步河村,4
GC2000000014,华北、中南区域网,区域网,,,103,C065,随州,113.2097**,31.4194**,湖北随州市南郊区白云村四组,4
GC2000000014,华北、中南区域网,区域网,,,103,C301,前磨头,115.2817**,37.4713**,前磨头镇北花盆村,4
GC2000000014,华北、中南区域网,区域网,,,103,C302,辛集,115.1443**,37.5423**,月耳营村,4
GC2000000014,华北、中南区域网,区域网,,,103,C303,北苏,114.5176**,38.0990**,北苏镇大名庄村,4
GC2000000014,华北、中南区域网,区域网,,,103,C304,西荣,112.3741**,37.4201**,社管处西荣村,4
GC2000000014,华北、中南区域网,区域网,,,103,C305,王村,112.4232**,37.3842**,郭家堡乡王村,4
GC2000000014,华北、中南区域网,区域网,,,103,C306,余吾,112.4818**,36.2204**,余吾镇岳底村,4
GC2000000014,华北、中南区域网,区域网,,,103,C307,什贴,112.5127**,37.4995**,什贴镇,5
GC2000000014,华北、中南区域网,区域网,,,103,C308,西岭,113.0986**,36.0862**,贾掌镇西岭村,5
GC2000000014,华北、中南区域网,区域网,,,103,C309,横岭,113.2325**,36.3590**,洪井乡横岭村,5
GC2000000014,华北、中南区域网,区域网,,,103,C310,谢古洞,113.3424**,33.1835**,尹集镇谢古洞村郭庄,5
GC2000000014,华北、中南区域网,区域网,,,103,C311,焦庵,113.4265**,34.5798**,韩董庄乡焦庵村,5
GC2000000014,华北、中南区域网,区域网,,,103,C312,东庄头,113.4565**,38.0692**,"仙人乡东庄头村,500米",5
GC2000000014,华北、中南区域网,区域网,,,103,C313,蝉房,113.5305**,37.0065**,蝉房乡南沟村,5
GC2000000014,华北、中南区域网,区域网,,,103,C314,卧龙,113.5673**,37.3941**,东冶头镇卧龙村,5
GC2000000014,华北、中南区域网,区域网,,,103,C315,铜冶,114.0416**,36.1361**,铜冶镇一中,5
GC2000000014,华北、中南区域网,区域网,,,103,C316,崔岗,114.0691**,32.3676**,新安店乡崔岗村徐庄,5
GC2000000014,华北、中南区域网,区域网,,,103,C317,郝庄,114.1396**,37.2936**,郝庄镇石窝铺村,5
GC2000000014,华北、中南区域网,区域网,,,103,C318,赵棚,114.3043**,33.3623**,张庄乡赵棚大队2组田地中,5
GC2000000014,华北、中南区域网,区域网,,,103,C319,西苏,114.3209**,36.4583**,西苏乡北李固村北李固村小学,5
GC2000000014,华北、中南区域网,区域网,,,103,C320,柳园,114.3699**,36.0982**,柳园镇东南王村,5
GC2000000014,华北、中南区域网,区域网,,,103,C321,塚坵,114.3979**,34.1575**,官庄乡塚坵村,5
GC2000000014,华北、中南区域网,区域网,,,103,C322,长垣,114.3771**,35.1252**,蒲西区候屯村四组田地中,6
GC2000000014,华北、中南区域网,区域网,,,103,C323,城郎,114.4358**,37.5566**,柳林屯乡城郎村,6
GC2000000014,华北、中南区域网,区域网,,,103,C324,上官岗,114.5211**,32.0013**,城关镇上官岗村,6
GC2000000014,华北、中南区域网,区域网,,,103,C325,晋州,115.0123**,38.0413**,元头乡雷陈村,6
GC2000000014,华北、中南区域网,区域网,,,103,C326,黄岭,115.0669**,33.0277**,白庙镇新建村孙油坊组,6
GC2000000014,华北、中南区域网,区域网,,,103,C327,防胡,115.0788**,32.3251**,防胡镇初级中学,6
GC2000000014,华北、中南区域网,区域网,,,103,C328,程庄,115.0708**,34.4730**,程庄镇双楼村,6
GC2000000014,华北、中南区域网,区域网,,,103,C329,郸城,115.0918**,33.3649**,城郊乡张大楼村,6
GC2000000014,华北、中南区域网,区域网,,,103,C330,左营,115.3724**,35.4235**,左营乡左北村窑场,6
GC2000000014,华北、中南区域网,区域网,,,103,C331,辰时,115.4264**,38.0248**,辰时镇柏树村,6
GC2000000014,华北、中南区域网,区域网,,,103,C332,斗虎屯,115.5004**,36.3929**,斗虎屯镇斗虎屯窑场,6
GC2000000014,华北、中南区域网,区域网,,,103,C333,郑口,115.5715**,37.1958**,郑口镇综合技术学校,6
GC2000000014,华北、中南区域网,区域网,,,103,C334,陈赵圩,116.0569**,32.1777**,邵岗乡上郢村大井村民组,6
GC2000000014,华北、中南区域网,区域网,,,103,C335,王集,116.0849**,33.5626**,王集乡乔楼村秦庄组,6
GC2000000014,华北、中南区域网,区域网,,,103,C336,蔡堂镇,116.1658**,34.3878**,蔡堂镇黄菜园村朱赵楼组,6
GC2000000014,华北、中南区域网,区域网,,,103,C337,邹家粉坊,116.2408**,31.3510**,青山乡红桥村戴冲小组,7
GC2000000014,华北、中南区域网,区域网,,,103,C338,前郭屯,116.2596**,38.1941**,韩村镇前郭屯村,7
GC2000000014,华北、中南区域网,区域网,,,103,C339,刘庄,116.2948**,33.1868**,辛集乡城西村刘庄村民组,7
GC2000000014,华北、中南区域网,区域网,,,103,C340,濮阳,115.0158**,35.4667**,颐和广场,7
GC2000000014,华北、中南区域网,区域网,,,103,CB02,晋州,114.5982**,37.5964**,河北省晋州市赵位办事处赵八庄村赵位乡中学,7
GC2000000014,华北、中南区域网,区域网,,,103,CB03,衡水,115.4017**,37.4116**,河北省衡水市桃城区彭杜乡赵杜村,7
GC2000000014,华北、中南区域网,区域网,,,103,CB04,邢台,114.2764**,37.0601**,河北省邢台市桥西区郭守敬大道邢台市民营农,7
GC2000000014,华北、中南区域网,区域网,,,103,CB05,济宁,116.3248**,35.2572**,山东省济宁市任城区金城镇三义庙村,7
GC2000000014,华北、中南区域网,区域网,,,103,CB06,濮阳,115.0396**,35.4240**,河南省濮阳县城关镇贺村,7
GC2000000014,华北、中南区域网,区域网,,,103,CB07,安阳,114.2081**,36.0846**,河南省安阳市北关区十里铺村,7
GC2000000014,华北、中南区域网,区域网,,,103,CB08,晋城,112.4998**,35.2844**,山西省晋城市钟家庄乡西田石村,7
GC2000000014,华北、中南区域网,区域网,,,103,CB09,平顶山,113.1906**,33.4541**,河南省平顶山市顶山公园,7
GC2000000014,华北、中南区域网,区域网,,,103,CB10,黄骅,117.2448**,38.2167**,城关镇新立村金华化工有限公司,7
GC2000000015,华北地区GPS监测网,区域网,41.0214,108.2486,14,CB06,黄骅,117.2485**,38.2110**,城关镇新立村金华化工有限公司,1
GC2000000015,华北地区GPS监测网,区域网,41.0214,108.2486,14,HB02,翁达,100.4325**,31.5219**,四川省甘孜州色达县翁达镇,1
GC2000000015,华北地区GPS监测网,区域网,41.0214,108.2486,14,HB03,公议,103.3475**,30.4239**,四川省崇州市公议镇公议乡四大队八组,1
GC2000000015,华北地区GPS监测网,区域网,41.0214,108.2486,14,HB04,沐川,103.5384**,28.5740**,四川省沐川县沐溪镇,1
GC2000000015,华北地区GPS监测网,区域网,41.0214,108.2486,14,HB05,双柏,101.3679**,24.4243**,云南省双柏县小村,1
GC2000000015,华北地区GPS监测网,区域网,41.0214,108.2486,14,HB06,通海,102.4976**,24.0601**,云南省通海县杨广镇大新村,1
GC2000000015,华北地区GPS监测网,区域网,41.0214,108.2486,14,HB08,通关,101.2269**,23.1785**,云南省墨江县通关镇金马景区,1
GC2000000015,华北地区GPS监测网,区域网,41.0214,108.2486,14,HB11,河口,103.5726**,22.3158**,云南省河口县高级中学,1
GC2000000015,华北地区GPS监测网,区域网,41.0214,108.2486,14,HB16,绒坝岔,99.4273**,31.4162**,四川省甘孜县绒坝岔区昔色乡上村,1
GC2000000015,华北地区GPS监测网,区域网,41.0214,108.2486,14,HB28,怀来,115.2841**,40.2168**,东暖泉乡暖泉村,1
GC2000000015,华北地区GPS监测网,区域网,41.0214,108.2486,14,HB20,瑞丽,97.5125**,24.0126**,云南省瑞丽市姐岗小学,1
GC2000000015,华北地区GPS监测网,区域网,41.0214,108.2486,14,HB22,庙子山,103.2242**,29.5386**,四川省洪雅县洪川镇阳坪农场旺山,1
GC2000000015,华北地区GPS监测网,区域网,41.0214,108.2486,14,HB23,涞源,114.4575**,39.2065**,甲村乡丰乐村,1
GC2000000015,华北地区GPS监测网,区域网,41.0214,108.2486,14,HB30,易县,115.3781**,39.2833**,娄村乡三义村,1
GC2000000016,华南区域网,区域网,,,238,F001,杭州,120.1436**,30.1917**,浙江省杭州市江干区九堡镇三村,1
GC2000000016,华南区域网,区域网,,,238,F002,普陀,122.1616**,29.5880**,浙江省舟山市普陀区勾山镇新塘村,1
GC2000000016,华南区域网,区域网,,,238,F003,奉化,121.2296**,29.3617**,浙江省奉化市尚田乡楼岩村,1
GC2000000016,华南区域网,区域网,,,238,F006,四霜列岛,120.2141**,26.4213**,福建省霞浦县海岛乡北霜村,1
GC2000000016,华南区域网,区域网,,,238,F007,永暑礁,112.5240**,9.3214**,南沙群岛永暑礁,1
GC2000000016,华南区域网,区域网,,,238,F008,渚碧礁,114.0395**,10.5452**,南沙群岛渚碧礁,1
GC2000000016,华南区域网,区域网,,,238,F010,安庆,111.0164**,30.3532**,安徽省安庆市经济开发区菱北办事处罗冲社区,1
GC2000000016,华南区域网,区域网,,,238,F011,宁国,118.5642**,30.3502**,安徽省宁国市河沥溪镇独山村王家祠,1
GC2000000016,华南区域网,区域网,,,238,F012,江山,118.3823**,28.4421**,浙江省江山市须江镇社后村,1
GC2000000016,华南区域网,区域网,,,238,F014,三明,117.3389**,26.1722**,福建省三明市园艺场小蕉村,1
GC2000000016,华南区域网,区域网,,,238,F016,福州,119.2351**,25.5813**,福建省福州市苍山区城门镇浚边村,1
GC2000000016,华南区域网,区域网,,,238,F017,平潭,119.4603**,25.2958**,福建省平潭县岚城乡中南村,1
GC2000000016,华南区域网,区域网,,,238,F018,惠安,118.4649**,25.0218**,福建省惠安县螺城镇下瘳村,1
GC2000000016,华南区域网,区域网,,,238,F020,石狮,118.3571**,24.4636**,福建省晋江市新塘街道办事处后洋村,1
GC2000000016,华南区域网,区域网,,,238,F022,漳州,117.3619**,24.3391**,福建省漳州市石亭镇上高坑村,1
GC2000000016,华南区域网,区域网,,,238,F023,漳浦,117.3575**,24.0744**,福建省漳浦县绥安镇高罗山村,2
GC2000000016,华南区域网,区域网,,,238,F024,永定,116.4388**,24.4374**,福建省龙岩市永定县沙岗村,2
GC2000000016,华南区域网,区域网,,,238,F025,南澳,117.0073**,23.2555**,广东省南澳县后宅镇城西村,2
GC2000000016,华南区域网,区域网,,,238,F026,潮州,116.4106**,23.3936**,广东省潮州市湘桥区桥东街道黄金塘村,2
GC2000000016,华南区域网,区域网,,,238,F029,襄阳,112.0637**,31.5455**,湖北襄阳县法龙镇康咀村,2
GC2000000016,华南区域网,区域网,,,238,F031,巴东,110.2218**,31.0008**,湖北巴东县信陵镇青岭村,2
GC2000000016,华南区域网,区域网,,,238,F033,岳阳,113.1090**,29.2360**,湖南岳阳市梅溪乡白石岭村综合场,2
GC2000000016,华南区域网,区域网,,,238,F037,韶关,113.3334**,24.4828**,广东省韶关市西河镇黄屋村,2
GC2000000016,华南区域网,区域网,,,238,F038,梧州,111.2067**,23.3272**,广西梧州市城东镇双桥村上屋组,2
GC2000000016,华南区域网,区域网,,,238,F040,河源,114.4122**,21.4381**,广东省河源市源城区啸仙中学,2
GC2000000016,华南区域网,区域网,,,238,F041,惠阳,114.2759**,22.4942**,广东省惠阳市淡水镇潘屋村,2
GC2000000016,华南区域网,区域网,,,238,F042,蛇口,113.5386**,22.3545**,广东省深圳市新安街道办上合村宝安公园,2
GC2000000016,华南区域网,区域网,,,238,F044,开平,112.4145**,22.2025**,广东省开平市三埠镇南山管理区,2
GC2000000016,华南区域网,区域网,,,238,F045,下川岛,112.3819**,21.3838**,广东省台山市川岛镇下川岛后门龙村,2
GC2000000016,华南区域网,区域网,,,238,F046,阳江,111.5930**,21.5202**,广东省阳江市江城区人民武装部南约80米小,2
GC2000000016,华南区域网,区域网,,,238,F047,罗定,111.3323**,22.4700**,广东省罗定市附城镇镇政府,3
GC2000000016,华南区域网,区域网,,,238,F048,高州,110.5603**,21.5358**,广东省高州市谢鸡镇文胜小学,3
GC2000000016,华南区域网,区域网,,,238,F049,玉林,110.0849**,22.4105**,广西玉林市玉州区城北镇凤村,3
GC2000000016,华南区域网,区域网,,,238,F050,廉江,110.1565**,21.3472**,广东省廉江市城南街道办事处关垌村国宏水泥,3
GC2000000016,华南区域网,区域网,,,238,F051,徐闻,110.0990**,20.1634**,广东省徐闻县南山镇五里村五里中学,3
GC2000000016,华南区域网,区域网,,,238,F052,海口,110.1115**,20.0108**,海南省海口市长流镇堂善村,3
GC2000000016,华南区域网,区域网,,,238,F053,佛坪,33.3106**,107.5822**,陕西省佛坪县袁家镇立房沟村,3
GC2000000016,华南区域网,区域网,,,238,F054,柞水,109.0663**,33.3978**,陕西省柞水县乾佑镇四组,3
GC2000000016,华南区域网,区域网,,,238,F055,安康,109.0299**,32.4123**,陕西省安康新城办事处高井十村,3
GC2000000016,华南区域网,区域网,,,238,F056,恩施,109.2879**,30.1331**,湖北恩施市六角亭办事处谭家坝,3
GC2000000016,华南区域网,区域网,,,238,F057,溆浦,110.3352**,27.5463**,湖南溆浦县仲夏乡水田垅村沈家,3
GC2000000016,华南区域网,区域网,,,238,F058,思南,108.1779**,27.5212**,贵州省思南县孙家坝镇和平村,3
GC2000000016,华南区域网,区域网,,,238,F059,马山,108.1078**,23.4519**,广西马山县合群乡造华村内岩屯,3
GC2000000016,华南区域网,区域网,,,238,F060,武鸣,108.1730**,23.0816**,广西武鸣县鱼种场,3
GC2000000016,华南区域网,区域网,,,238,F062,东门,107.4996**,22.1958**,广西扶绥县东门镇淀粉厂,3
GC2000000016,华南区域网,区域网,,,238,F063,灵山,109.1559**,22.2424**,广西灵山县灵墙镇三海村委将军铺,4
GC2000000016,华南区域网,区域网,,,238,F064,北海,109.0333**,21.2708**,广西北海市地角镇新营石步村,4
GC2000000016,华南区域网,区域网,,,238,F065,涠洲岛,109.0710**,21.0113**,广西北海市涠洲镇百代寮邱屋村,4
GC2000000016,华南区域网,区域网,,,238,F066,新英,109.1710**,19.4474**,海南省儋州市新州镇新地村,4
GC2000000016,华南区域网,区域网,,,238,F067,东方,108.3796**,19.0541**,海南省东方市八所港务总公司,4
GC2000000016,华南区域网,区域网,,,238,F068,三亚,109.2954**,18.1232**,海南省三亚市鹿回头居民委员会,4
GC2000000016,华南区域网,区域网,,,238,F074,册亨,105.4543**,24.5923**,贵州省册亨县者楼镇册阳村,4
GC2000000016,华南区域网,区域网,,,238,F075,凌云,106.3400**,24.2429**,广西凌云县泗城镇平林村,4
GC2000000016,华南区域网,区域网,,,238,F076,罗平,104.1823**,24.5214**,云南省罗平县罗雄三中,4
GC2000000016,华南区域网,区域网,,,238,F077,那坡,105.5093**,23.2182**,广西那坡县城厢镇永宁村,4
GC2000000016,华南区域网,区域网,,,238,F078,大新,107.0870**,22.5195**,广西大新县桃城镇松洞村,4
GC2000000016,华南区域网,区域网,,,238,F080,水城,104.5585**,26.3444**,贵州省六盘水市钟山区荷城办事处沙树林村,4
GC2000000016,华南区域网,区域网,,,238,F081,文山,104.1677**,23.2115**,云南省文山县职业中学,4
GC2000000016,华南区域网,区域网,,,238,F301,沈湖,120.5026**,29.4863**,三界镇沈湖村,4
GC2000000016,华南区域网,区域网,,,238,F302,大唐,120.0856**,29.4363**,大唐镇黎明村沿山村,4
GC2000000016,华南区域网,区域网,,,238,F303,横溪,121.3596**,29.4324**,横溪镇金溪村,5
GC2000000016,华南区域网,区域网,,,238,F304,坑龙王,121.2621**,29.1610**,跃龙街道坑龙王村,5
GC2000000016,华南区域网,区域网,,,238,F305,李间,120.5176**,29.1797**,回山镇李间村,5
GC2000000016,华南区域网,区域网,,,238,F306,小鱼山,121.5594**,29.0833**,鹤浦镇小鱼山村,5
GC2000000016,华南区域网,区域网,,,238,F307,下高,121.1178**,28.5487**,大田街道办事处下高村,5
GC2000000016,华南区域网,区域网,,,238,F308,外岙,121.3420**,28.4553**,上盘镇外岙村,5
GC2000000016,华南区域网,区域网,,,238,F309,桃溪,119.3604**,28.4313**,桃溪镇陶村,5
GC2000000016,华南区域网,区域网,,,238,F310,李宅,120.4037**,28.4387**,田市李宅村,5
GC2000000016,华南区域网,区域网,,,238,F311,上山,121.1846**,28.2617**,大溪镇上山村,5
GC2000000016,华南区域网,区域网,,,238,F312,徐家塆,120.4502**,28.2017**,枫林镇徐家塆村,5
GC2000000016,华南区域网,区域网,,,238,F313,界阜,120.0547**,28.1973**,海口镇界阜村,5
GC2000000016,华南区域网,区域网,,,238,F314,前红,121.3636**,28.1517**,石塘镇前红村,5
GC2000000016,华南区域网,区域网,,,238,F315,水龙,121.1652**,28.0559**,坎门镇水龙村,5
GC2000000016,华南区域网,区域网,,,238,F316,崇头,119.2903**,28.0380**,崇头镇东坑村牛湖岭,5
GC2000000016,华南区域网,区域网,,,238,F317,小林山,120.0781**,27.5112**,周壤乡大林山村小林山,5
GC2000000016,华南区域网,区域网,,,238,F318,高岙,120.2786**,27.4631**,马屿镇高岙村,6
GC2000000016,华南区域网,区域网,,,238,F319,大渔,120.3755**,27.2271**,大渔镇大岙村马鞍山,6
GC2000000016,华南区域网,区域网,,,238,F320,前岐,120.1736**,27.1997**,前岐镇小岳村,6
GC2000000016,华南区域网,区域网,,,238,F321,垟溪,119.4782**,27.2465**,垟溪乡垟边村,6
GC2000000016,华南区域网,区域网,,,238,F322,溪口,118.4286**,27.1458**,川石乡溪口村长虹路新村,6
GC2000000016,华南区域网,区域网,,,238,F323,秦屿,120.1765**,27.0687**,秦屿镇日岙村,6
GC2000000016,华南区域网,区域网,,,238,F324,杉洋,119.1215**,26.4032**,杉洋镇杉洋村,6
GC2000000016,华南区域网,区域网,,,238,F325,岚口,119.3386**,26.3457**,飞鸾镇岚口村。,6
GC2000000016,华南区域网,区域网,,,238,F326,西滨,118.2120**,26.2023**,西滨镇板兜村,6
GC2000000016,华南区域网,区域网,,,238,F327,黄岐,119.5395**,26.1974**,黄岐镇海建村,6
GC2000000016,华南区域网,区域网,,,238,F328,闽清,118.5395**,26.1265**,梅溪镇梅埔村,6
GC2000000016,华南区域网,区域网,,,238,F329,大洋,118.4817**,25.5321**,大洋镇下苏村,6
GC2000000016,华南区域网,区域网,,,238,F330,桂阳,118.1475**,25.4863**,桂阳乡彭坑村,6
GC2000000016,华南区域网,区域网,,,238,F331,龙田,119.2879**,25.3756**,龙田镇东营村,6
GC2000000016,华南区域网,区域网,,,238,F332,江口,119.1178**,25.2905**,江口镇新前村,6
GC2000000016,华南区域网,区域网,,,238,F333,桂洋,118.0467**,25.3080**,桂洋镇桂洋村,7
GC2000000016,华南区域网,区域网,,,238,F334,宣城,116.2440**,25.2609**,宣城乡畲心村,7
GC2000000016,华南区域网,区域网,,,238,F335,南洋,117.2183**,25.2498**,南洋乡南洋村,7
GC2000000016,华南区域网,区域网,,,238,F336,南日,119.2845**,25.1463**,南日镇山初村,7
GC2000000016,华南区域网,区域网,,,238,F337,文甲,119.0900**,25.0701**,山亭镇文甲村,7
GC2000000016,华南区域网,区域网,,,238,F338,虎邱,117.5866**,25.0343**,虎邱镇文美村,7
GC2000000016,华南区域网,区域网,,,238,F339,寻乌,115.3734**,24.5849**,文峰乡长举村,7
GC2000000016,华南区域网,区域网,,,238,F340,四林,118.0956**,24.4677**,五显镇四林村,7
GC2000000016,华南区域网,区域网,,,238,F341,金井,118.3552**,24.3282**,金井镇岩峰村,7
GC2000000016,华南区域网,区域网,,,238,F342,南坑,117.1370**,24.3479**,南坑镇村雅村,7
GC2000000016,华南区域网,区域网,,,238,F343,白渡,116.1338**,24.2711**,白渡镇罗寨村,7
GC2000000016,华南区域网,区域网,,,238,F344,赤光,115.2551**,24.2213**,赤光镇双羊村,7
GC2000000016,华南区域网,区域网,,,238,F345,枫朗,116.4829**,24.1638**,枫朗镇新政学校,7
GC2000000016,华南区域网,区域网,,,238,F346,赤湖,117.5207**,24.0741**,赤湖镇西潘村,7
GC2000000016,华南区域网,区域网,,,238,F347,下河,117.1634**,24.0008**,下河乡下河村,7
GC2000000016,华南区域网,区域网,,,238,F348,潘田,116.1831**,23.5566**,潘田镇潘田中学,8
GC2000000016,华南区域网,区域网,,,238,F349,竹梅,115.3256**,23.5146**,潭下镇竹梅村,8
GC2000000016,华南区域网,区域网,,,238,F350,陈城,117.2358**,23.3679**,陈城镇陈城村,8
GC2000000016,华南区域网,区域网,,,238,F351,金玉,116.2265**,23.2785**,金灶镇,8
GC2000000016,华南区域网,区域网,,,238,F352,青坑林场,116.0407**,23.0740**,青坑林场,8
GC2000000016,华南区域网,区域网,,,238,F353,白盆珠,115.1182**,23.0859**,白盆珠镇布心村坑尾村民小组,8
GC2000000016,华南区域网,区域网,,,238,F354,前詹,116.2622**,22.5776**,前詹镇港寮村,8
GC2000000016,华南区域网,区域网,,,238,F355,照川,110.2135**,33.1168**,照川镇胡家湾村,8
GC2000000016,华南区域网,区域网,,,238,F356,坝口,103.5532**,26.4287**,黑石头镇坝口村新房组,8
GC2000000016,华南区域网,区域网,,,238,F357,宣威市,104.0529**,26.1599**,西宁街道老堡社区李家村后山,8
GC2000000016,华南区域网,区域网,,,238,F358,双龙营,104.1486**,24.1441**,双龙营镇雄山村小学,8
GC2000000016,华南区域网,区域网,,,238,F359,栖贤,104.3165**,30.5486**,栖贤乡尖山村四组,8
GC2000000016,华南区域网,区域网,,,238,F360,倒石桥,104.3863**,28.4480**,赵场镇五香村五香田社,8
GC2000000016,华南区域网,区域网,,,238,F361,天保,104.4962**,22.5723**,国营天保农场干田队,8
GC2000000016,华南区域网,区域网,,,238,F362,桔山,104.5685**,25.0410**,桔山镇新建村五组,8
GC2000000016,华南区域网,区域网,,,238,F363,普安县,105.0261**,25.4488**,江西坡镇细寨村,9
GC2000000016,华南区域网,区域网,,,238,F364,威信县,105.0251**,27.5096**,扎西镇麒麟社区观音村委会,9
GC2000000016,华南区域网,区域网,,,238,F365,许州镇,105.0810**,31.4577**,许州镇百顷村七社,9
GC2000000016,华南区域网,区域网,,,238,F366,南屏,105.1234**,23.4502**,南屏镇马街村,9
GC2000000016,华南区域网,区域网,,,238,F367,兴隆镇,105.2498**,29.5452**,兴隆镇石狮村,9
GC2000000016,华南区域网,区域网,,,238,F368,那劳,105.2566**,24.2104**,那劳乡那劳村,9
GC2000000016,华南区域网,区域网,,,238,F369,大方,105.3608**,27.0939**,大方镇关井村三组,9
GC2000000016,华南区域网,区域网,,,238,F370,安顺市,105.5584**,26.1552**,东关办事处红村三组,9
GC2000000016,华南区域网,区域网,,,238,F371,习水,106.1583**,28.1722**,东皇镇大坝村岩脚组。,9
GC2000000016,华南区域网,区域网,,,238,F372,龙邦,106.1946**,22.5351**,龙邦镇雷达山,9
GC2000000016,华南区域网,区域网,,,238,F373,石板,106.2108**,29.2407**,石板镇,9
GC2000000016,华南区域网,区域网,,,238,F374,马蹄,106.3253**,27.3317**,马蹄镇洋河村大丰村民组,9
GC2000000016,华南区域网,区域网,,,238,F375,双胜,106.3447**,31.3937**,双胜乡十二村一社,9
GC2000000016,华南区域网,区域网,,,238,F376,坡洪,106.3873**,23.3154**,坡洪镇新景村那池屯,9
GC2000000016,华南区域网,区域网,,,238,F377,龙坪,106.4390**,25.2672**,龙坪镇老城村五组,9
GC2000000016,华南区域网,区域网,,,238,F378,柳垭子,106.5411**,32.2507**,赶场镇一村一社,10
GC2000000016,华南区域网,区域网,,,238,F379,南川,107.0476**,29.0999**,金佛村,10
GC2000000016,华南区域网,区域网,,,238,F380,土坪镇,107.2062**,28.1550**,土坪镇猛溪村郭家山组。,10
GC2000000016,华南区域网,区域网,,,238,F381,巴马,107.2436**,24.1116**,凤凰乡得纳村牛角队,10
GC2000000016,华南区域网,区域网,,,238,F382,鱼河,107.2403**,27.1061**,鱼河乡新场村,10
GC2000000016,华南区域网,区域网,,,238,F383,罗江,107.3174**,31.1880**,罗江镇一村七社,10
GC2000000016,华南区域网,区域网,,,238,F384,峒中,107.3168**,21.3650**,峒中镇板典村朝阳组,10
GC2000000016,华南区域网,区域网,,,238,F385,苦竹,107.3388**,32.5785**,沙河镇苦竹村,10
GC2000000016,华南区域网,区域网,,,238,F386,兔场,107.3345**,25.5843**,兔场镇兔场村场坝组,10
GC2000000016,华南区域网,区域网,,,238,F387,坡造,107.4261**,23.2760**,坡造镇贤强村个强屯,10
GC2000000016,华南区域网,区域网,,,238,F388,拔山镇,107.4200**,30.1836**,拔山镇五星村,10
GC2000000016,华南区域网,区域网,,,238,F389,万源,108.0234**,32.0428**,太平镇秦川社区张家梁上,10
GC2000000016,华南区域网,区域网,,,238,F390,鹿鸣,108.0668**,29.2908**,鹿鸣乡红岩村,10
GC2000000016,华南区域网,区域网,,,238,F391,洞外,108.0825**,25.1211**,驯乐乡北山村洞外屯,10
GC2000000016,华南区域网,区域网,,,238,F392,白龙尾,108.1531**,21.3287**,防城港市防城区江山乡迈欧村1组,10
GC2000000016,华南区域网,区域网,,,238,F393,刘圩,108.3827**,22.4415**,刘圩镇刘圩村6组,11
GC2000000016,华南区域网,区域网,,,238,F394,清潭街,108.4108**,24.2123**,石别镇清潭村旁晒组,11
GC2000000016,华南区域网,区域网,,,238,F395,中岗,108.5123**,31.3164**,中岗乡茶园村二社,11
GC2000000016,华南区域网,区域网,,,238,F396,马增塘,108.5246**,28.5496**,涂市乡,11
GC2000000016,华南区域网,区域网,,,238,F397,黄雷乡,108.5657**,27.1296**,黄雷乡板凳村唐家坡组,11
GC2000000016,华南区域网,区域网,,,238,F398,肇兴,109.0810**,25.5680**,肇兴乡下皮林村八组(举登山),11
GC2000000016,华南区域网,区域网,,,238,F399,融水,109.1560**,25.0320**,融水镇水东村,11
GC2000000016,华南区域网,区域网,,,238,F400,东番,109.2254**,23.5188**,大湾乡东番村二组,11
GC2000000016,华南区域网,区域网,,,238,F401,覃塘,109.2567**,23.0960**,覃塘镇龙凤村6组（下六碰屯）,11
GC2000000016,华南区域网,区域网,,,238,F402,凤凰县,109.3521**,27.5788**,沱江镇北园村,11
GC2000000016,华南区域网,区域网,,,238,F403,旺盛江水库,109.3652**,21.5552**,菱角镇旺盛江村,11
GC2000000016,华南区域网,区域网,,,238,F404,洪江市,109.5230**,27.1436**,双溪镇双溪村,11
GC2000000016,华南区域网,区域网,,,238,F405,永顺县,109.5534**,29.0128**,灵溪镇老司城村,11
GC2000000016,华南区域网,区域网,,,238,F406,海康,110.0849**,20.5207**,附城镇大埔村埔西小学,11
GC2000000016,华南区域网,区域网,,,238,F407,汀坪,110.1655**,26.0604**,汀坪乡铲子坪村一组,11
GC2000000016,华南区域网,区域网,,,238,F408,平南,110.2407**,23.3593**,平南镇盆塘村,12
GC2000000016,华南区域网,区域网,,,238,F409,湾潭镇,110.2596**,29.5922**,湾潭镇九门村1组,12
GC2000000016,华南区域网,区域网,,,238,F410,荔浦,110.2462**,24.3051**,荔城镇尚书巷,12
GC2000000016,华南区域网,区域网,,,238,F411,六靖,110.3280**,22.1569**,六靖镇六靖村冲表组。,12
GC2000000016,华南区域网,区域网,,,238,F412,易沟,110.3502**,32.0524**,军店镇军马村,12
GC2000000016,华南区域网,区域网,,,238,F413,水汶,110.5654**,22.4266**,水汶乡兆阳村,12
GC2000000016,华南区域网,区域网,,,238,F414,全州县,111.0060**,25.5621**,全州镇柘桥村九组（伍家村）,12
GC2000000016,华南区域网,区域网,,,238,F415,周旺,111.1024**,27.1071**,周旺镇清水村,12
GC2000000016,华南区域网,区域网,,,238,F416,茶庵铺,111.1169**,28.3946**,茶庵铺镇贺家垭村,12
GC2000000016,华南区域网,区域网,,,238,F417,钱排,111.1809**,22.1979**,钱排镇龙湾村,12
GC2000000016,华南区域网,区域网,,,238,F418,皂市镇,111.1358**,29.3768**,皂市镇朱家坪居委会(白合观村),12
GC2000000016,华南区域网,区域网,,,238,F419,爵山,111.2008**,21.2908**,电城镇排坡小学,12
GC2000000016,华南区域网,区域网,,,238,F420,江永,111.2175**,25.1539**,潇浦镇塔山村一组(白龙溪),12
GC2000000016,华南区域网,区域网,,,238,F421,八步区,111.3590**,24.2302**,莲塘镇美仪村,12
GC2000000016,华南区域网,区域网,,,238,F422,茅竹,111.4618**,26.3003**,茅竹镇泉塘村一组,12
GC2000000016,华南区域网,区域网,,,238,F423,斗笠山,111.4893**,27.4114**,斗笠山镇兴家村洞溪组,13
GC2000000016,华南区域网,区域网,,,238,F424,莫村,112.0687**,23.2451**,莫村镇中心小学,13
GC2000000016,华南区域网,区域网,,,238,F425,火市,112.1632**,25.2325**,火市乡排下村四组,13
GC2000000016,华南区域网,区域网,,,238,F426,六祖,112.1105**,22.3534**,六祖镇集西小学,13
GC2000000016,华南区域网,区域网,,,238,F427,斗湖堤镇,112.1081**,30.0100**,夹竹园镇紫霄观村11组,13
GC2000000016,华南区域网,区域网,,,238,F428,蒋家嘴,112.1383**,28.4696**,蒋家嘴镇大七冲村油炸组,13
GC2000000016,华南区域网,区域网,,,238,F429,荆门,112.1938**,31.0331**,牌楼镇江湾村3组,13
GC2000000016,华南区域网,区域网,,,238,F430,那扶,112.2469**,22.0477**,深井镇那扶圩,13
GC2000000016,华南区域网,区域网,,,238,F431,赤坑,112.2941**,23.5427**,赤坑镇惠爱村委大崀村,13
GC2000000016,华南区域网,区域网,,,238,F432,西江,112.3513**,24.4556**,西江镇外塘村委蔗塘村,13
GC2000000016,华南区域网,区域网,,,238,F433,四会,112.4256**,23.2462**,龙甫镇芙蓉村委盆岗村,13
GC2000000016,华南区域网,区域网,,,238,F434,西樵,112.5412**,22.5851**,西樵镇南海卫校,13
GC2000000016,华南区域网,区域网,,,238,F435,廖王坪,112.5908**,26.0091**,廖王坪乡朱家湾村,13
GC2000000016,华南区域网,区域网,,,238,F436,崖门,113.0410**,22.1175**,崖门镇,13
GC2000000016,华南区域网,区域网,,,238,F437,飞来峡,113.1566**,23.4419**,飞来峡镇华侨农场农机站,13
GC2000000016,华南区域网,区域网,,,238,F438,顺德,113.1406**,22.4983**,大良街道办飞鹅公墓,14
GC2000000016,华南区域网,区域网,,,238,F439,皂市镇,113.2237**,30.5167**,皂市镇香普村6组,14
GC2000000016,华南区域网,区域网,,,238,F440,沙溪,113.1901**,22.3047**,沙溪镇,14
GC2000000016,华南区域网,区域网,,,238,F441,横琴,113.2922**,22.0646**,横琴镇,14
GC2000000016,华南区域网,区域网,,,238,F442,虎门,113.4164**,22.5200**,虎门镇森林公园,14
GC2000000016,华南区域网,区域网,,,238,F443,从化,113.3920**,23.3441**,温泉镇石南村白沙社,14
GC2000000016,华南区域网,区域网,,,238,F444,黄丰桥镇,113.4048**,27.1769**,黄丰桥镇广志村志木山小组,14
GC2000000016,华南区域网,区域网,,,238,F445,社港镇,113.3279**,28.2844**,社港镇社港村上黄组,14
GC2000000016,华南区域网,区域网,,,238,F446,桂东县,113.5574**,26.0488**,城关镇敖山村,14
GC2000000016,华南区域网,区域网,,,238,F447,丰城,114.0704**,24.0316**,丰城镇高桥村,14
GC2000000016,华南区域网,区域网,,,238,F448,新作塘,114.1145**,23.1325**,湖镇镇新作塘村冷水坑小组,14
GC2000000016,华南区域网,区域网,,,238,F449,盐田,114.1490**,22.3624**,盐田街道,14
GC2000000016,华南区域网,区域网,,,238,F450,塘口,114.1434**,29.2409**,塘口乡小东港村5组,14
GC2000000016,华南区域网,区域网,,,238,F451,宜春,114.2250**,27.4960**,化成街道新建居委会彭家小组,14
GC2000000016,华南区域网,区域网,,,238,F452,阳明,114.5334**,24.2548**,阳明镇中营村,14
GC2000000016,华南区域网,区域网,,,238,F453,平海,114.4869**,22.3683**,平海镇咸台村,15
GC2000000016,华南区域网,区域网,,,238,F454,花桥,114.5604**,28.3295**,花桥乡花桥村老屋组,15
GC2000000016,华南区域网,区域网,,,238,F455,青溪,114.5703**,23.3243**,义容镇下青溪村白石村民小组,15
GC2000000016,华南区域网,区域网,,,238,F456,沙河,115.0142**,25.5099**,梅林镇,15
GC2000000016,华南区域网,区域网,,,238,F457,三湖,115.2571**,27.5331**,三湖镇傅棱村巷里村小组,15
GC2000000016,华南区域网,区域网,,,238,F458,南河镇,115.3971**,30.3685**,南河镇麻园墩村,15
GC2000000016,华南区域网,区域网,,,238,F459,琴江,116.1909**,26.1944**,琴江镇西外村官仁堂,15
GC2000000016,华南区域网,区域网,,,238,F460,宜黄,116.1307**,27.3354**,凤岗镇东关村,15
GC2000000016,华南区域网,区域网,,,238,F461,蔡坊,116.4469**,28.4266**,古埠镇蔡坊村,15
GC2000000016,华南区域网,区域网,,,238,F462,石门街,116.4705**,29.3446**,石门街镇南门村,15
GC2000000016,华南区域网,区域网,,,238,F463,白湖,117.1865**,31.1386**,白湖镇塘串河村宛南组,15
GC2000000016,华南区域网,区域网,,,238,F464,崇仁,117.2058**,27.3465**,崇仁乡崇仁村,15
GC2000000016,华南区域网,区域网,,,238,F465,中云,117.4070**,29.1296**,中云镇中云村第25小组,15
GC2000000016,华南区域网,区域网,,,238,F466,铅山,117.4141**,28.1979**,新滩乡罗石村,15
GC2000000016,华南区域网,区域网,,,238,F467,杨田,117.5451**,30.3488**,杨田镇黄泥村跃进组,15
GC2000000016,华南区域网,区域网,,,238,F468,黄山,118.1054**,30.0254**,汤口镇芳村,16
GC2000000016,华南区域网,区域网,,,238,F469,管厝,118.3260**,28.0298**,管厝乡口窑村水口村,16
GC2000000016,华南区域网,区域网,,,238,F470,千岛湖,119.0313**,29.3722**,千岛湖镇东庄村,16
GC2000000016,华南区域网,区域网,,,238,F471,九所,108.5850**,18.2654**,九所镇,16
GC2000000016,华南区域网,区域网,,,238,F472,临高,109.4173**,19.5655**,临城镇头尧村,16
GC2000000016,华南区域网,区域网,,,238,F473,潭门,110.3626**,19.1540**,潭门镇电光小学旧址,16
GC2000000016,华南区域网,区域网,,,238,F474,龙楼,110.5920**,19.3822**,龙楼镇,16
GC2000000016,华南区域网,区域网,,,238,F475,大万山,113.4332**,21.5507**,万山镇万山村,16
GC2000000016,华南区域网,区域网,,,238,F476,范镇,115.3521**,29.3210**,范镇镇平源村张湾15组,16
GC2000000016,华南区域网,区域网,,,238,F477,程家墩,115.5809**,29.5078**,小池镇杨武村二组,16
GC2000000016,华南区域网,区域网,,,238,FB01,小河,109.0894**,33.0500**,小河镇金坡村,16
GC2000000016,华南区域网,区域网,,,238,F027,揭西,115.4821**,23.2586**,广东省揭西县河婆镇岭丰村,16
GC2000000016,华南区域网,区域网,,,238,F028,陆丰,115.3762**,22.5861**,广东省陆丰市河东镇园山村,16
GC2000000017,晋冀蒙网,区域网,,,26,W121,吴平121S,111.0721**,37.3480**,城北街道办事处下安村,1
GC2000000017,晋冀蒙网,区域网,,,26,W134,吴平134S,111.3579**,37.1661**,杨家庄镇西，山坡荒地内。,1
GC2000000017,晋冀蒙网,区域网,,,26,W146,吴平146S,112.1221**,37.1311**,沿村堡乡尹村耕地,1
GC2000000017,晋冀蒙网,区域网,,,26,BD15,保店15S,111.3211**,39.0559**,韩家楼乡大河湾村临时堆料场内,1
GC2000000017,晋冀蒙网,区域网,,,26,BD28,保店28S,111.5925**,39.0291**,义井镇云龙中学北侧空地内,1
GC2000000017,晋冀蒙网,区域网,,,26,BD52,北大52S,113.5174**,40.0175**,山西省大同市许堡乡养老洼村国营林场,1
GC2000000017,晋冀蒙网,区域网,,,26,BJ80,包京80S,113.2146**,40.0778**,,1
GC2000000017,晋冀蒙网,区域网,,,26,BX06,保兴6S,111.0907**,38.5672**,桥头镇桥头村六队,1
GC2000000017,晋冀蒙网,区域网,,,26,BX22,保兴22S,111.0288**,38.4451**,南河沟乡神树梁村东北土山头上,1
GC2000000017,晋冀蒙网,区域网,,,26,DS16,店山16S,112.2506**,39.2138**,地震局,1
GC2000000017,晋冀蒙网,区域网,,,26,DX36,大宣36S,114.3823**,40.1635**,化稍营镇土洞子村,1
GC2000000017,晋冀蒙网,区域网,,,26,DY45,大榆45S,112.5271**,39.0233**,阳明堡镇古城村,1
GC2000000017,晋冀蒙网,区域网,,,26,DY68,大榆68S,112.4393**,38.2201**,南城办事处田村小学,1
GC2000000017,晋冀蒙网,区域网,,,26,HJ21,会静21S,111.5697**,38.2062**,城天柱山,1
GC2000000017,晋冀蒙网,区域网,,,26,HL01,红涞1S,114.2325**,39.1818**,红石楞乡上北泉村,1
GC2000000017,晋冀蒙网,区域网,,,26,HS25,和山25S,111.3972**,39.5511**,小庙子乡小庙子村,2
GC2000000017,晋冀蒙网,区域网,,,26,HS42,和山42S,112.0393**,39.4797**,高石庄乡泉子坡粮库,2
GC2000000017,晋冀蒙网,区域网,,,26,HS76,和山76S,112.4788**,39.2869**,安荣乡安荣村,2
GC2000000017,晋冀蒙网,区域网,,,26,HX50,哈宣50S,114.5462**,40.4643**,体育委员会第二业余重点体校院内球场西南侧,2
GC2000000017,晋冀蒙网,区域网,,,26,TB62,托保62S,111.2812**,39.2563**,城关镇磁窑沟村,2
GC2000000017,晋冀蒙网,区域网,,,26,TH25,团化25S,114.2284**,40.3949**,柴沟堡镇崛龙屯村西南耕地里,2
GC2000000017,晋冀蒙网,区域网,,,26,TX70,头兴70S,111.0761**,38.2788**,蔚汾镇南山生态园,2
GC2000000017,晋冀蒙网,区域网,,,26,XH10,兴会10S,111.2466**,38.3055**,界河口镇会里村,2
GC2000000017,晋冀蒙网,区域网,,,26,YH23,阳红23S,113.3212**,39.1650**,砂河镇西关村,2
GC2000000017,晋冀蒙网,区域网,,,26,YP13,榆平13S,112.2589**,37.2237**,东观镇东六支村耕地边,2
GC2000000017,晋冀蒙网,区域网,,,26,YS40,榆石40S,113.5687**,37.5649**,天长镇核桃园村东韩家垴山上,2
GC2000000018,青藏高原东部区域网,区域网,30.0376,101.4623,330,H001,凤县,106.3011**,33.5452**,陕西省凤县双石铺镇双石铺村,1
GC2000000018,青藏高原东部区域网,区域网,30.0376,101.4623,330,H002,江洛镇,105.4864**,33.5334**,甘肃省微县江洛镇,1
GC2000000018,青藏高原东部区域网,区域网,30.0376,101.4623,330,H003,西和,105.1896**,34.0619**,甘肃省西和县石堡乡苏团村,1
GC2000000018,青藏高原东部区域网,区域网,30.0376,101.4623,330,H005,成县,105.3543**,33.4169**,甘肃省成县小川乡草坝村,1
GC2000000018,青藏高原东部区域网,区域网,30.0376,101.4623,330,H006,大桥,105.1790**,33.4622**,甘肃省西和县喜集乡徐家坝村,1
GC2000000018,青藏高原东部区域网,区域网,30.0376,101.4623,330,H007,略阳,106.0939**,33.2085**,陕西省略阳县城,1
GC2000000018,青藏高原东部区域网,区域网,30.0376,101.4623,330,H008,康县,105.3791**,33.2491**,甘肃省康县三官乡东沟村,1
GC2000000018,青藏高原东部区域网,区域网,30.0376,101.4623,330,H009,阳平关,106.0189**,32.5722**,陕西省宁强县阳平关擂鼓台村,1
GC2000000018,青藏高原东部区域网,区域网,30.0376,101.4623,330,H010,青川,105.1347**,32.3414**,四川省青川县乔庄镇回龙村,1
GC2000000018,青藏高原东部区域网,区域网,30.0376,101.4623,330,H011,广元,105.4987**,32.2652**,四川省广元市委党校后金鱼山,1
GC2000000018,青藏高原东部区域网,区域网,30.0376,101.4623,330,H012,剑阁,105.2763**,32.0197**,四川南剑阁县普安镇中坪村二组,1
GC2000000018,青藏高原东部区域网,区域网,30.0376,101.4623,330,H013,临潭,103.1495**,34.4465**,甘肃省卓尼县阿子滩乡甘布德村,1
GC2000000018,青藏高原东部区域网,区域网,30.0376,101.4623,330,H014,岷县,104.0473**,34.2441**,甘肃省岷县寺沟乡白土坡村,1
GC2000000018,青藏高原东部区域网,区域网,30.0376,101.4623,330,H015,碌曲,102.3031**,34.3592**,甘肃省碌曲县玛艾乡加格村,1
GC2000000018,青藏高原东部区域网,区域网,30.0376,101.4623,330,H016,宕昌,104.2324**,34.0271**,甘肃省宕昌县城关镇石磊村,1
GC2000000018,青藏高原东部区域网,区域网,30.0376,101.4623,330,H017,迭部,103.0884**,34.0689**,甘肃省迭部县益哇乡布岗村,2
GC2000000018,青藏高原东部区域网,区域网,30.0376,101.4623,330,H018,玛曲,102.0702**,34.0031**,甘肃省玛曲县尼玛乡秀玛村,2
GC2000000018,青藏高原东部区域网,区域网,30.0376,101.4623,330,H019,舟曲,104.2434**,33.4712**,弓子石乡没水山村,2
GC2000000018,青藏高原东部区域网,区域网,30.0376,101.4623,330,H020,麻牙,103.4383**,33.5654**,甘肃省跌部县花园乡阿夏林场,2
GC2000000018,青藏高原东部区域网,区域网,30.0376,101.4623,330,H021,武都,106.4973**,33.2558**,甘肃省陇南市武都区两水镇前村,2
GC2000000018,青藏高原东部区域网,区域网,30.0376,101.4623,330,H022,文县,104.3733**,33.0056**,甘肃文县石坊乡元平山村半山里,2
GC2000000018,青藏高原东部区域网,区域网,30.0376,101.4623,330,H024,南坪,104.1357**,33.1315**,四川省九寨沟县保华乡半山塘村,2
GC2000000018,青藏高原东部区域网,区域网,30.0376,101.4623,330,H025,黄胜关,103.2611**,32.5548**,四川省松潘县川主寺镇黄胜关村,2
GC2000000018,青藏高原东部区域网,区域网,30.0376,101.4623,330,H027,久治,101.2825**,33.2527**,青海省久治县气象局,2
GC2000000018,青藏高原东部区域网,区域网,30.0376,101.4623,330,H028,阿坝,101.4276**,32.5415**,四川省阿坝县气象局,2
GC2000000018,青藏高原东部区域网,区域网,30.0376,101.4623,330,H029,班玛,100.3526**,33.0557**,青海省班玛县多贡麻乡,2
GC2000000018,青藏高原东部区域网,区域网,30.0376,101.4623,330,H030,松潘,103.3627**,32.3528**,四川省松潘县青云乡雄山村,2
GC2000000018,青藏高原东部区域网,区域网,30.0376,101.4623,330,H031,红原,102.3067**,32.4760**,四川省红原县邛溪镇,2
GC2000000018,青藏高原东部区域网,区域网,30.0376,101.4623,330,H032,平武,104.3420**,32.2454**,四川省平武县龙安镇东皋村,2
GC2000000018,青藏高原东部区域网,区域网,30.0376,101.4623,330,H033,南坝,104.4974**,32.1088**,四川省平武县南坝镇垭头坪村,2
GC2000000018,青藏高原东部区域网,区域网,30.0376,101.4623,330,H034,镇江关,103.4388**,32.2164**,四川省松潘县岷江乡北定关村,3
GC2000000018,青藏高原东部区域网,区域网,30.0376,101.4623,330,H035,北川,104.2634**,31.4897**,四川省北川县擂鼓镇盖头村,3
GC2000000018,青藏高原东部区域网,区域网,30.0376,101.4623,330,H037,黑水,103.0992**,32.0459**,四川省黑水县麻窝乡别窝村,3
GC2000000018,青藏高原东部区域网,区域网,30.0376,101.4623,330,H040,绰斯甲,101.3621**,31.4608**,四川省金川县观音桥镇斯玛都村三组,3
GC2000000018,青藏高原东部区域网,区域网,30.0376,101.4623,330,H041,壤塘,101.0425**,32.1911**,四川省壤塘县南木达乡,3
GC2000000018,青藏高原东部区域网,区域网,30.0376,101.4623,330,H042,色达,100.2029**,32.1698**,四川省色达县气象局,3
GC2000000018,青藏高原东部区域网,区域网,30.0376,101.4623,330,H043,绵阳,104.4730**,31.2952**,四川省绵阳市朝阳机器厂,3
GC2000000018,青藏高原东部区域网,区域网,30.0376,101.4623,330,H044,绵竹,104.1184**,31.2174**,四川省绵竹西南镇红明村三组,3
GC2000000018,青藏高原东部区域网,区域网,30.0376,101.4623,330,H045,汶川,103.3609**,31.2846**,四川省汶川县雁门乡白水村,3
GC2000000018,青藏高原东部区域网,区域网,30.0376,101.4623,330,H046,鹧鸪山,102.4078**,31.5193**,四川省马尔康县梭磨乡,3
GC2000000018,青藏高原东部区域网,区域网,30.0376,101.4623,330,H047,金川,102.0550**,31.2768**,四川省金川县万林乡二甲村五组,3
GC2000000018,青藏高原东部区域网,区域网,30.0376,101.4623,330,H048,德阳,104.2652**,31.0945**,四川省德阳市双东镇龙凤村三组,3
GC2000000018,青藏高原东部区域网,区域网,30.0376,101.4623,330,H049,都江堰,103.4132**,31.0323**,四川省都江堰市蒲阳镇花溪村十三组,3
GC2000000018,青藏高原东部区域网,区域网,30.0376,101.4623,330,H050,卧龙,103.0898**,31.0027**,四川省汶川县卧龙乡卧龙关村二组,3
GC2000000018,青藏高原东部区域网,区域网,30.0376,101.4623,330,H051,小金,102.4608**,30.5927**,四川省小金县日隆乡双桥村一组,3
GC2000000018,青藏高原东部区域网,区域网,30.0376,101.4623,330,H052,丹巴,101.5181**,30.5614**,四川省丹巴县聂呷乡聂呷村,4
GC2000000018,青藏高原东部区域网,区域网,30.0376,101.4623,330,H053,道孚,101.0867**,30.5694**,四川省道孚县格西乡尼日村,4
GC2000000018,青藏高原东部区域网,区域网,30.0376,101.4623,330,H054,虾拉沱,100.4533**,31.1776**,四川省炉霍县斯木乡吉绒村,4
GC2000000018,青藏高原东部区域网,区域网,30.0376,101.4623,330,H056,侏倭,100.1696**,31.3975**,四川省炉霍县侏倭乡日朗达村,4
GC2000000018,青藏高原东部区域网,区域网,30.0376,101.4623,330,H057,甘孜南,99.3549**,31.0103**,四川省新龙县大盖乡阿维村,4
GC2000000018,青藏高原东部区域网,区域网,30.0376,101.4623,330,H058,成都,104.0463**,30.4359**,四川省成都市外北凤凰山回民公墓,4
GC2000000018,青藏高原东部区域网,区域网,30.0376,101.4623,330,H060,邛崃,103.2417**,30.2418**,四川省邛崃市白鹤乡7村一组,4
GC2000000018,青藏高原东部区域网,区域网,30.0376,101.4623,330,H061,宝兴,102.5051**,30.1509**,四川省宝兴县灵关镇钟灵村十组,4
GC2000000018,青藏高原东部区域网,区域网,30.0376,101.4623,330,H062,恰叫,100.5562**,31.0931**,四川省道孚县孔色乡恰叫村,4
GC2000000018,青藏高原东部区域网,区域网,30.0376,101.4623,330,H063,新龙,100.1853**,30.5514**,四川省新龙县呷拉西乡曲格村,4
GC2000000018,青藏高原东部区域网,区域网,30.0376,101.4623,330,H064,眉山,103.5008**,30.0225**,四川省眉山市东坡区,4
GC2000000018,青藏高原东部区域网,区域网,30.0376,101.4623,330,H065,雅安,103.0010**,29.5880**,四川省雅安市张家山公园,4
GC2000000018,青藏高原东部区域网,区域网,30.0376,101.4623,330,H066,康定,101.4758**,30.0335**,四川省康定县瓦泽乡水桥村,4
GC2000000018,青藏高原东部区域网,区域网,30.0376,101.4623,330,H067,新都桥,101.2931**,30.0486**,四川省康定县新都桥镇东俄洛村,4
GC2000000018,青藏高原东部区域网,区域网,30.0376,101.4623,330,H068,雅江,101.0159**,30.0792**,四川省雅江县呷拉乡足尼保村,4
GC2000000018,青藏高原东部区域网,区域网,30.0376,101.4623,330,H069,巴塘,99.1006**,30.0516**,四川省巴塘县党村乡,5
GC2000000018,青藏高原东部区域网,区域网,30.0376,101.4623,330,H070,井研,104.0402**,29.3806**,四川省井研县研城镇同心村,5
GC2000000018,青藏高原东部区域网,区域网,30.0376,101.4623,330,H071,简阳,104.3596**,30.1961**,简阳市新市镇新五村4社,5
GC2000000018,青藏高原东部区域网,区域网,30.0376,101.4623,330,H072,荥经,102.4905**,29.4779**,四川省荥经县六合乡古城村,5
GC2000000018,青藏高原东部区域网,区域网,30.0376,101.4623,330,H073,泸定,102.1777**,29.5072**,四川省泸定县冷碛镇别托村,5
GC2000000018,青藏高原东部区域网,区域网,30.0376,101.4623,330,H074,新都桥南,101.3492**,29.5138**,四川省康定县甲根坝乡其卡村,5
GC2000000018,青藏高原东部区域网,区域网,30.0376,101.4623,330,H075,理塘南,100.2312**,29.4102**,四川省理塘县濯桑乡嘎一村,5
GC2000000018,青藏高原东部区域网,区域网,30.0376,101.4623,330,H076,峨眉,103.2824**,29.3647**,四川省峨眉山市绥山镇西城村,5
GC2000000018,青藏高原东部区域网,区域网,30.0376,101.4623,330,H077,汉源,102.3972**,29.2021**,四川省汉源县市荣乡四农村二组,5
GC2000000018,青藏高原东部区域网,区域网,30.0376,101.4623,330,H078,磨西,102.0415**,29.4190**,四川省泸定县新兴乡新兴村,5
GC2000000018,青藏高原东部区域网,区域网,30.0376,101.4623,330,H079,塔公,101.3161**,30.1953**,四川省康定县塔公乡塔公村,5
GC2000000018,青藏高原东部区域网,区域网,30.0376,101.4623,330,H080,桑堆,100.0720**,29.1055**,四川省稻城县桑堆乡五村,5
GC2000000018,青藏高原东部区域网,区域网,30.0376,101.4623,330,H081,峨边,103.1518**,29.1818**,四川省峨边县沙坪村,5
GC2000000018,青藏高原东部区域网,区域网,30.0376,101.4623,330,H082,石棉,102.2619**,29.1544**,四川省石棉县迎政乡,5
GC2000000018,青藏高原东部区域网,区域网,30.0376,101.4623,330,H083,九龙,101.3160**,28.5737**,四川省九龙县呷尔镇华邱村,5
GC2000000018,青藏高原东部区域网,区域网,30.0376,101.4623,330,H084,沐川,103.5340**,28.5778**,四川省沐川县沐溪镇,6
GC2000000018,青藏高原东部区域网,区域网,30.0376,101.4623,330,H086,勒乌,103.0204**,28.5028**,四川省乐山市峨边彝族自治县勒乌乡勒乌村,6
GC2000000018,青藏高原东部区域网,区域网,30.0376,101.4623,330,H087,甘洛,102.4666**,28.5741**,四川省甘洛县城关镇新民村,6
GC2000000018,青藏高原东部区域网,区域网,30.0376,101.4623,330,H088,绥江,103.5834**,28.3609**,云南省绥江县中城镇,6
GC2000000018,青藏高原东部区域网,区域网,30.0376,101.4623,330,H089,美姑,103.0778**,28.1875**,四川省美姑县农作乡,6
GC2000000018,青藏高原东部区域网,区域网,30.0376,101.4623,330,H090,越西,0.0039**,28.4083**,四川省越西县大屯乡大兴村五组,6
GC2000000018,青藏高原东部区域网,区域网,30.0376,101.4623,330,H091,喜德,102.2638**,28.1888**,四川省喜德县光明镇新联二组,6
GC2000000018,青藏高原东部区域网,区域网,30.0376,101.4623,330,H092,冕宁,102.0767**,28.3073**,四川省冕宁县回坪乡横路村三组,6
GC2000000018,青藏高原东部区域网,区域网,30.0376,101.4623,330,H093,永善,103.3845**,28.1408**,云南省永善县景新镇三坪办事处,6
GC2000000018,青藏高原东部区域网,区域网,30.0376,101.4623,330,H094,昭觉,102.4990**,27.5955**,四川省凉山洲昭觉县新城镇南坪村,6
GC2000000018,青藏高原东部区域网,区域网,30.0376,101.4623,330,H095,西昌,102.1326**,27.5242**,四川省西昌市,6
GC2000000018,青藏高原东部区域网,区域网,30.0376,101.4623,330,H096,棉桠,101.1473**,27.3920**,四川省盐源县棉垭乡中心村,6
GC2000000018,青藏高原东部区域网,区域网,30.0376,101.4623,330,H097,永宁,100.3961**,27.4472**,云南省宁蒗县永宁乡拖支瓦厂村,6
GC2000000018,青藏高原东部区域网,区域网,30.0376,101.4623,330,H098,大关,103.5305**,27.4651**,云南省大关县翠华镇田坝办事处,6
GC2000000018,青藏高原东部区域网,区域网,30.0376,101.4623,330,H099,金阳,103.1606**,27.4118**,四川省金阳县马依足乡二村,6
GC2000000018,青藏高原东部区域网,区域网,30.0376,101.4623,330,H100,布托,102.4766**,27.4140**,四川省凉山洲布托县特木里镇（四且乡）一村,7
GC2000000018,青藏高原东部区域网,区域网,30.0376,101.4623,330,H101,昭通,103.4116**,27.2183**,云南省昭通市土城乡红泥闸村公所,7
GC2000000018,青藏高原东部区域网,区域网,30.0376,101.4623,330,H102,普格,102.3285**,27.2224**,四川省普格县普基镇中现村,7
GC2000000018,青藏高原东部区域网,区域网,30.0376,101.4623,330,H103,德昌,102.1136**,27.2798**,四川省德昌县德洲镇大坪村,7
GC2000000018,青藏高原东部区域网,区域网,30.0376,101.4623,330,H104,平川,101.4234**,27.3214**,四川省盐源县卫城乡小高山,7
GC2000000018,青藏高原东部区域网,区域网,30.0376,101.4623,330,H106,宁蒗,100.5655**,27.0805**,云南省宁蒗县新营盘乡毛家乡村公所（长青村,7
GC2000000018,青藏高原东部区域网,区域网,30.0376,101.4623,330,H107,桥头,100.0364**,27.0648**,云南省丽江县龙蟠乡土官村,7
GC2000000018,青藏高原东部区域网,区域网,30.0376,101.4623,330,H108,巧家,102.5472**,26.5522**,云南省巧家县新华镇七里办事处六队,7
GC2000000018,青藏高原东部区域网,区域网,30.0376,101.4623,330,H109,会东,102.3678**,26.3706**,四川省会东县小岔河乡新供村,7
GC2000000018,青藏高原东部区域网,区域网,30.0376,101.4623,330,H110,会理,102.1503**,26.4141**,四川省会理县老街乡石厂村,7
GC2000000018,青藏高原东部区域网,区域网,30.0376,101.4623,330,H111,米易,102.0636**,26.4984**,四川省米易县坪山乡坪山村,7
GC2000000018,青藏高原东部区域网,区域网,30.0376,101.4623,330,H112,普威,101.5788**,27.0252**,四川省米易县普威乡三村二社,7
GC2000000018,青藏高原东部区域网,区域网,30.0376,101.4623,330,H113,盐边,101.5150**,26.4142**,四川省盐边县健康镇,7
GC2000000018,青藏高原东部区域网,区域网,30.0376,101.4623,330,H114,波罗,101.1403**,26.4058**,云南省华坪县楠木办事处,7
GC2000000018,青藏高原东部区域网,区域网,30.0376,101.4623,330,H116,渡口,101.4453**,26.3001**,四川省攀枝花市仁和区仁和镇龙塘沟九社,7
GC2000000018,青藏高原东部区域网,区域网,30.0376,101.4623,330,H117,永胜,100.4571**,26.3953**,云南省永胜县永北办事处庄户村,8
GC2000000018,青藏高原东部区域网,区域网,30.0376,101.4623,330,H118,鹤庆,100.0903**,26.3041**,云南省鹤庆县赵屯乡赵屯村,8
GC2000000018,青藏高原东部区域网,区域网,30.0376,101.4623,330,H119,会泽,103.1366**,26.2436**,云南省会泽县金钟乡以礼村公所白坡村,8
GC2000000018,青藏高原东部区域网,区域网,30.0376,101.4623,330,H120,东川,103.0943**,26.0623**,云南省东川区碧谷镇起嘎村东川区职业成人教,8
GC2000000018,青藏高原东部区域网,区域网,30.0376,101.4623,330,H121,撒营盘,102.3109**,26.0076**,云南省禄劝县撒营盘镇,8
GC2000000018,青藏高原东部区域网,区域网,30.0376,101.4623,330,H122,永仁,101.4022**,26.0345**,云南省永仁县东郊拉扎么山,8
GC2000000018,青藏高原东部区域网,区域网,30.0376,101.4623,330,H123,金江,100.3026**,26.1841**,云南省永胜县涛源乡坪耙耙坪村,8
GC2000000018,青藏高原东部区域网,区域网,30.0376,101.4623,330,H124,邓川,100.0554**,25.5853**,云南省洱源县邓川镇中和办事处,8
GC2000000018,青藏高原东部区域网,区域网,30.0376,101.4623,330,H125,曲靖,103.4803**,25.3842**,云南省曲靖地区沾益县天生洞公园,8
GC2000000018,青藏高原东部区域网,区域网,30.0376,101.4623,330,H126,寻甸,103.1497**,25.3629**,云南省寻甸县城关乡北关村公所,8
GC2000000018,青藏高原东部区域网,区域网,30.0376,101.4623,330,H127,马街,102.5670**,25.4783**,云南省寻甸县倘甸镇者已村廖华龙家地中,8
GC2000000018,青藏高原东部区域网,区域网,30.0376,101.4623,330,H128,禄劝,102.3016**,25.3477**,云南省禄劝县屏山镇砍瓦办事处石灰窑村,8
GC2000000018,青藏高原东部区域网,区域网,30.0376,101.4623,330,H129,元谋,101.5454**,25.3887**,云南省元谋会老城乡老城村公所,8
GC2000000018,青藏高原东部区域网,区域网,30.0376,101.4623,330,H130,大姚,101.1902**,25.4304**,云南省大姚县新大街（金碧镇里长堡村）,8
GC2000000018,青藏高原东部区域网,区域网,30.0376,101.4623,330,H131,宾川,100.3314**,25.4760**,云南省宾川县太和乡管岗村,8
GC2000000018,青藏高原东部区域网,区域网,30.0376,101.4623,330,H132,陆良,103.4021**,25.0512**,云南省曲靖市陆良县芳华镇狮子口办事处新法,9
GC2000000018,青藏高原东部区域网,区域网,30.0376,101.4623,330,H134,富民,102.3152**,25.1462**,云南省昆明市富民县大营镇奎南村一队钱自忠,9
GC2000000018,青藏高原东部区域网,区域网,30.0376,101.4623,330,H135,禄丰,102.0443**,25.0937**,云南省禄丰县气象局气象观测场地,9
GC2000000018,青藏高原东部区域网,区域网,30.0376,101.4623,330,H136,楚雄,101.3492**,24.5945**,云南省富民县富民镇下白庙村,9
GC2000000018,青藏高原东部区域网,区域网,30.0376,101.4623,330,H137,南华,101.1525**,25.1294**,云南省南华县职业高级中学,9
GC2000000018,青藏高原东部区域网,区域网,30.0376,101.4623,330,H138,祥云,100.3209**,25.2864**,云南省祥云县35415部队仓库大院菜地,9
GC2000000018,青藏高原东部区域网,区域网,30.0376,101.4623,330,H140,弥渡,100.2933**,25.2078**,云南省弥渡县35109部队运动场,9
GC2000000018,青藏高原东部区域网,区域网,30.0376,101.4623,330,H141,南涧,100.3172**,25.0222**,云南省南涧县职业高中,9
GC2000000018,青藏高原东部区域网,区域网,30.0376,101.4623,330,H142,巍山,100.1858**,25.1551**,云南省巍山县五里坡鸟道雄关（旅游景点）内,9
GC2000000018,青藏高原东部区域网,区域网,30.0376,101.4623,330,H143,路南,103.1530**,24.4620**,云南省路南县扩繁场,9
GC2000000018,青藏高原东部区域网,区域网,30.0376,101.4623,330,H144,澄江,102.5561**,24.4066**,云南省玉溪市澄江县,9
GC2000000018,青藏高原东部区域网,区域网,30.0376,101.4623,330,H145,易门,102.0969**,24.4098**,云南省易门县方屯乡中屯村现屯十一社,9
GC2000000018,青藏高原东部区域网,区域网,30.0376,101.4623,330,H146,双柏,101.3820**,24.4116**,,9
GC2000000018,青藏高原东部区域网,区域网,30.0376,101.4623,330,H147,公郎,100.1801**,24.5067**,云南省南涧县浪沧乡,9
GC2000000018,青藏高原东部区域网,区域网,30.0376,101.4623,330,H148,云县东,100.0875**,24.2663**,云南省临沧地区云县气象局,9
GC2000000018,青藏高原东部区域网,区域网,30.0376,101.4623,330,H149,玉溪,102.3409**,24.2281**,云南省玉溪市,10
GC2000000018,青藏高原东部区域网,区域网,30.0376,101.4623,330,H150,峨山,102.2601**,24.1165**,云南省玉溪市峨山县,10
GC2000000018,青藏高原东部区域网,区域网,30.0376,101.4623,330,H151,新平,101.5888**,24.0446**,云南省玉溪市新平县,10
GC2000000018,青藏高原东部区域网,区域网,30.0376,101.4623,330,H152,恩乐,101.0503**,24.0155**,云南省思茅地区恩乐镇,10
GC2000000018,青藏高原东部区域网,区域网,30.0376,101.4623,330,H153,景东,100.5224**,24.2555**,云南省思茅地区景东县,10
GC2000000018,青藏高原东部区域网,区域网,30.0376,101.4623,330,H154,竹园,103.2504**,24.0612**,云南省弥勒县竹园镇大营盘山,10
GC2000000018,青藏高原东部区域网,区域网,30.0376,101.4623,330,H155,通海,102.4502**,24.0706**,,10
GC2000000018,青藏高原东部区域网,区域网,30.0376,101.4623,330,H156,石屏,102.2918**,23.4387**,,10
GC2000000018,青藏高原东部区域网,区域网,30.0376,101.4623,330,H157,元江,101.5994**,23.3536**,云南省玉溪地区元江县,10
GC2000000018,青藏高原东部区域网,区域网,30.0376,101.4623,330,H158,墨江,101.4123**,23.2694**,云南省思茅地区墨江县,10
GC2000000018,青藏高原东部区域网,区域网,30.0376,101.4623,330,H159,通关,101.2367**,23.1761**,地区通关镇,10
GC2000000018,青藏高原东部区域网,区域网,30.0376,101.4623,330,H160,镇沅,100.5388**,23.5252**,云南省思茅地区镇沅县,10
GC2000000018,青藏高原东部区域网,区域网,30.0376,101.4623,330,H161,景谷,100.4366**,23.3018**,云南省思茅地区景谷县,10
GC2000000018,青藏高原东部区域网,区域网,30.0376,101.4623,330,H162,临沧,100.0567**,23.5276**,云南省临沧地区,10
GC2000000018,青藏高原东部区域网,区域网,30.0376,101.4623,330,H163,斗阁,100.0679**,23.3564**,云南省临沧地区圈内乡斗阁村,10
GC2000000018,青藏高原东部区域网,区域网,30.0376,101.4623,330,H164,碧色寨,103.2413**,23.2718**,云南省蒙自县草坝镇碧色寨办事处,11
GC2000000018,青藏高原东部区域网,区域网,30.0376,101.4623,330,H165,开远,103.1773**,23.4254**,云南省红河州开远市,11
GC2000000018,青藏高原东部区域网,区域网,30.0376,101.4623,330,H166,元阳,102.5056**,23.1374**,云南省红河州元阳县,11
GC2000000018,青藏高原东部区域网,区域网,30.0376,101.4623,330,H167,绿春,102.2413**,22.5917**,云南省红河州绿春县,11
GC2000000018,青藏高原东部区域网,区域网,30.0376,101.4623,330,H168,普洱,101.0321**,23.0493**,,11
GC2000000018,青藏高原东部区域网,区域网,30.0376,101.4623,330,H170,屏边,103.4175**,22.5870**,云南省屏边县35548部队车队,11
GC2000000018,青藏高原东部区域网,区域网,30.0376,101.4623,330,H173,金平,103.1383**,22.4614**,云南省金平县边防五团五连,11
GC2000000018,青藏高原东部区域网,区域网,30.0376,101.4623,330,H175,普文,101.0300**,22.3081**,普文镇,11
GC2000000018,青藏高原东部区域网,区域网,30.0376,101.4623,330,H176,勐醒,101.2031**,21.5389**,云南省西双版纳州勐醒镇,11
GC2000000018,青藏高原东部区域网,区域网,30.0376,101.4623,330,H177,景洪,100.4790**,22.0037**,云南省西双版纳州景洪,11
GC2000000018,青藏高原东部区域网,区域网,30.0376,101.4623,330,H178,勐满,100.0654**,22.1341**,云南省勐满乡八八小学,11
GC2000000018,青藏高原东部区域网,区域网,30.0376,101.4623,330,H180,勐腊,101.3348**,21.2987**,云南省西双版纳州勐腊县,11
GC2000000018,青藏高原东部区域网,区域网,30.0376,101.4623,330,H182,甘孜,100.0199**,31.3715**,四川省甘孜县斯俄乡,11
GC2000000018,青藏高原东部区域网,区域网,30.0376,101.4623,330,H186,芒康,98.3547**,29.4047**,西藏自治区芒康县嘎托镇嘎托村,11
GC2000000018,青藏高原东部区域网,区域网,30.0376,101.4623,330,H187,盐井,98.4167**,29.1476**,西藏自治区芒康县盐井乡小昌都村,11
GC2000000018,青藏高原东部区域网,区域网,30.0376,101.4623,330,H188,得荣,99.1599**,28.5098**,四川省得荣县斯闸乡獐闸村,12
GC2000000018,青藏高原东部区域网,区域网,30.0376,101.4623,330,H189,乡城,99.4227**,29.0095**,四川省乡城县桑披镇领龙村,12
GC2000000018,青藏高原东部区域网,区域网,30.0376,101.4623,330,H190,翁水,99.4569**,28.1962**,云南省中甸县格咱乡翁水村,12
GC2000000018,青藏高原东部区域网,区域网,30.0376,101.4623,330,H191,德钦,98.5558**,28.2749**,云南省德钦县升平镇雾露底村,12
GC2000000018,青藏高原东部区域网,区域网,30.0376,101.4623,330,H192,中甸,99.4223**,27.4915**,云南省中甸县建塘镇建塘办事处吾吕村,12
GC2000000018,青藏高原东部区域网,区域网,30.0376,101.4623,330,H193,岩瓦,99.0143**,27.3643**,云南省维西县康普乡百汉底村,12
GC2000000018,青藏高原东部区域网,区域网,30.0376,101.4623,330,H194,贡山,98.4038**,27.4593**,云南省贡山县丙中洛乡沙子木坎村,12
GC2000000018,青藏高原东部区域网,区域网,30.0376,101.4623,330,H195,巨甸,99.3876**,27.1817**,云南省丽江县巨甸镇拉市坝村,12
GC2000000018,青藏高原东部区域网,区域网,30.0376,101.4623,330,H196,维西,99.1733**,27.1095**,云南省维西县保和镇希望学校,12
GC2000000018,青藏高原东部区域网,区域网,30.0376,101.4623,330,H197,福贡,98.5285**,26.5445**,云南省福贡县上帕镇亚务都村,12
GC2000000018,青藏高原东部区域网,区域网,30.0376,101.4623,330,H198,剑川,99.5546**,26.2677**,云南省剑川县旬南乡发达新村,12
GC2000000018,青藏高原东部区域网,区域网,30.0376,101.4623,330,H199,兰坪（新）,99.2648**,26.2824**,云南省兰坪县金顶镇璋平村,12
GC2000000018,青藏高原东部区域网,区域网,30.0376,101.4623,330,H200,碧江,98.5542**,26.3259**,云南省福贡县匹河乡知子罗村,12
GC2000000018,青藏高原东部区域网,区域网,30.0376,101.4623,330,H201,洱源,99.5923**,26.0801**,云南省洱源三营乡永联村,12
GC2000000018,青藏高原东部区域网,区域网,30.0376,101.4623,330,H202,云龙,99.2285**,25.5310**,云南省云龙县石门镇新云村,12
GC2000000018,青藏高原东部区域网,区域网,30.0376,101.4623,330,H203,泸水,98.4876**,25.5990**,云南省泸水县鲁掌镇自来水厂,13
GC2000000018,青藏高原东部区域网,区域网,30.0376,101.4623,330,H204,漾濞,99.5529**,25.4205**,云南省漾濞县上街镇淮安村公所,13
GC2000000018,青藏高原东部区域网,区域网,30.0376,101.4623,330,H205,永平,99.3250**,25.2768**,老街镇老街办事处车站村,13
GC2000000018,青藏高原东部区域网,区域网,30.0376,101.4623,330,H206,漕涧,99.0665**,25.3999**,云南省云龙县漕涧镇仁德村,13
GC2000000018,青藏高原东部区域网,区域网,30.0376,101.4623,330,H207,保山,99.0883**,25.0440**,云南省保山市汉庄镇戒毒所内,13
GC2000000018,青藏高原东部区域网,区域网,30.0376,101.4623,330,H209,凤庆,99.5408**,24.3728**,云南省风庆县凤山镇凤山办事处八一村,13
GC2000000018,青藏高原东部区域网,区域网,30.0376,101.4623,330,H210,昌宁,99.3834**,24.5093**,云南省昌宁县达丙镇龙泉办事处竹园村,13
GC2000000018,青藏高原东部区域网,区域网,30.0376,101.4623,330,H211,龙陵,98.4070**,24.3462**,云南省龙陵县职业中学内,13
GC2000000018,青藏高原东部区域网,区域网,30.0376,101.4623,330,H212,梁河,98.1845**,24.4824**,云南省梁河县遮岛镇平安村,13
GC2000000018,青藏高原东部区域网,区域网,30.0376,101.4623,330,H213,盈江,97.5672**,24.4285**,云南省盈江县气象局,13
GC2000000018,青藏高原东部区域网,区域网,30.0376,101.4623,330,H214,山街东,99.3743**,24.1443**,云南省永德县亚练乡塔驮村,13
GC2000000018,青藏高原东部区域网,区域网,30.0376,101.4623,330,H215,永德,99.1440**,24.0095**,云南省永德县勐汞乡大地自然村,13
GC2000000018,青藏高原东部区域网,区域网,30.0376,101.4623,330,H216,镇康,98.5018**,23.4899**,云南省镇康县南伞镇红岩办事处石桥坝,13
GC2000000018,青藏高原东部区域网,区域网,30.0376,101.4623,330,H217,遮放,98.1717**,24.1522**,云南省潞西市遮放镇四村,13
GC2000000018,青藏高原东部区域网,区域网,30.0376,101.4623,330,H218,瑞丽,97.5142**,24.0022**,边城街市气象局院内,13
GC2000000018,青藏高原东部区域网,区域网,30.0376,101.4623,330,H219,双江,99.4950**,23.2839**,云南省临沧地区双江县,14
GC2000000018,青藏高原东部区域网,区域网,30.0376,101.4623,330,H220,耿马,99.2443**,23.3239**,云南省耿马县气象局院内,14
GC2000000018,青藏高原东部区域网,区域网,30.0376,101.4623,330,H221,勐定街,99.1045**,23.3759**,勐定镇勐定农场二分场,14
GC2000000018,青藏高原东部区域网,区域网,30.0376,101.4623,330,H222,上允,99.5092**,23.0210**,云南省澜沧县上允镇,14
GC2000000018,青藏高原东部区域网,区域网,30.0376,101.4623,330,H223,沧源,99.1562**,23.0812**,云南省沧源县勐懂镇龙耐办事处,14
GC2000000018,青藏高原东部区域网,区域网,30.0376,101.4623,330,H224,募乃,99.4870**,22.4282**,云南省思茅地区澜沧县募乃镇,14
GC2000000018,青藏高原东部区域网,区域网,30.0376,101.4623,330,H225,西盟,99.2765**,22.4454**,云南省思茅地区西盟县城,14
GC2000000018,青藏高原东部区域网,区域网,30.0376,101.4623,330,H227,孟连,99.3521**,22.1892**,云南省思茅地区孟连县农校,14
GC2000000018,青藏高原东部区域网,区域网,30.0376,101.4623,330,H301,大草滩,104.1146**,34.4265**,大草滩乡北沟寺,14
GC2000000018,青藏高原东部区域网,区域网,30.0376,101.4623,330,H302,大庄,104.3671**,34.2050**,闾井镇大庄村,14
GC2000000018,青藏高原东部区域网,区域网,30.0376,101.4623,330,H303,铁尺梁,103.5488**,34.1303**,寺沟乡上立林村,14
GC2000000018,青藏高原东部区域网,区域网,30.0376,101.4623,330,H304,白关,104.5681**,34.0008**,中坝乡洞花村格子队,14
GC2000000018,青藏高原东部区域网,区域网,30.0376,101.4623,330,H305,安化,105.0610**,33.2801**,安化镇李家庙村,14
GC2000000018,青藏高原东部区域网,区域网,30.0376,101.4623,330,H306,那帮,97.3335**,24.4559**,那帮镇口岸小学内,14
GC2000000018,青藏高原东部区域网,区域网,30.0376,101.4623,330,H307,陇把镇,97.4725**,24.1873**,陇把镇邦外村,14
GC2000000018,青藏高原东部区域网,区域网,30.0376,101.4623,330,H308,苏典,97.5556**,25.0943**,苏典乡苏典村委会,15
GC2000000018,青藏高原东部区域网,区域网,30.0376,101.4623,330,H309,三岔河,98.1125**,25.2771**,猴桥镇三岔河,15
GC2000000018,青藏高原东部区域网,区域网,30.0376,101.4623,330,H310,巴美,98.4068**,28.5032**,佛山乡巴美村,15
GC2000000018,青藏高原东部区域网,区域网,30.0376,101.4623,330,H311,波麦,98.4804**,31.1231**,建设镇波麦村一组,15
GC2000000018,青藏高原东部区域网,区域网,30.0376,101.4623,330,H312,新城,98.5087**,23.5332**,新城乡新城中学内,15
GC2000000018,青藏高原东部区域网,区域网,30.0376,101.4623,330,H313,丛岗,98.5143**,25.1138**,潞江镇丛岗村委会,15
GC2000000018,青藏高原东部区域网,区域网,30.0376,101.4623,330,H314,火都独,98.5292**,27.1757**,马吉乡,15
GC2000000018,青藏高原东部区域网,区域网,30.0376,101.4623,330,H315,火烧寨,98.5429**,23.2918**,芒卡镇芒卡中学内,15
GC2000000018,青藏高原东部区域网,区域网,30.0376,101.4623,330,H316,竹笆龙,99.0065**,29.4319**,竹笆龙乡,15
GC2000000018,青藏高原东部区域网,区域网,30.0376,101.4623,330,H317,罕乖寨,99.0236**,24.1644**,勐糯镇田坡村委会,15
GC2000000018,青藏高原东部区域网,区域网,30.0376,101.4623,330,H318,子庚乡,99.2055**,28.1388**,子庚乡卡瓦村,15
GC2000000018,青藏高原东部区域网,区域网,30.0376,101.4623,330,H319,泽木通,99.2684**,27.4591**,五镜乡木通村,15
GC2000000018,青藏高原东部区域网,区域网,30.0376,101.4623,330,H320,勐撒镇,99.3519**,23.4459**,勐撒镇芒茂小学内,15
GC2000000018,青藏高原东部区域网,区域网,30.0376,101.4623,330,H321,阿察,99.3421**,31.0281**,阿察乡一组,15
GC2000000018,青藏高原东部区域网,区域网,30.0376,101.4623,330,H322,勐永镇,99.4507**,23.5769**,勐永镇勐怕村后松坡地,15
GC2000000018,青藏高原东部区域网,区域网,30.0376,101.4623,330,H323,干地曲,99.4764**,26.0115**,炼铁乡新庄村,16
GC2000000018,青藏高原东部区域网,区域网,30.0376,101.4623,330,H324,石头乡,99.5131**,26.4854**,石鼓镇石头乡,16
GC2000000018,青藏高原东部区域网,区域网,30.0376,101.4623,330,H325,九河,99.5967**,26.4593**,九河乡关上村,16
GC2000000018,青藏高原东部区域网,区域网,30.0376,101.4623,330,H326,打洛镇,100.0282**,21.4285**,打洛镇曼喜村,16
GC2000000018,青藏高原东部区域网,区域网,30.0376,101.4623,330,H327,白水台,100.0204**,27.3013**,三坝乡白水台,16
GC2000000018,青藏高原东部区域网,区域网,30.0376,101.4623,330,H328,西邑村,100.1024**,26.1654**,西邑镇响水河村,16
GC2000000018,青藏高原东部区域网,区域网,30.0376,101.4623,330,H329,君坝,100.1969**,30.2750**,君坝区君坝乡合中村,16
GC2000000018,青藏高原东部区域网,区域网,30.0376,101.4623,330,H330,仁村,100.2075**,28.3358**,香格里拉乡呷拥村,16
GC2000000018,青藏高原东部区域网,区域网,30.0376,101.4623,330,H331,南现,100.2053**,22.3922**,糯扎渡乡南现村,16
GC2000000018,青藏高原东部区域网,区域网,30.0376,101.4623,330,H332,永平镇,100.2332**,23.2686**,永平镇迁营村迁美寨,16
GC2000000018,青藏高原东部区域网,区域网,30.0376,101.4623,330,H333,初那恒,100.2980**,26.5981**,树底村,16
GC2000000018,青藏高原东部区域网,区域网,30.0376,101.4623,330,H334,星湖,100.4012**,26.2665**,程海镇小村,16
GC2000000018,青藏高原东部区域网,区域网,30.0376,101.4623,330,H335,文龙,100.4371**,24.3866**,文龙乡龙街村,16
GC2000000018,青藏高原东部区域网,区域网,30.0376,101.4623,330,H336,下庄镇,100.4910**,25.2477**,下庄镇水盆村梨树园组,16
GC2000000018,青藏高原东部区域网,区域网,30.0376,101.4623,330,H337,博科,100.5520**,28.0761**,博科乡,16
GC2000000018,青藏高原东部区域网,区域网,30.0376,101.4623,330,H338,麻郎措,101.0571**,29.4651**,麻郎措乡格其卡村卡哈,17
GC2000000018,青藏高原东部区域网,区域网,30.0376,101.4623,330,H339,思茅,100.5714**,22.4689**,南屏镇曼连村,17
GC2000000018,青藏高原东部区域网,区域网,30.0376,101.4623,330,H340,铁锁,100.5623**,26.0815**,铁锁乡,17
GC2000000018,青藏高原东部区域网,区域网,30.0376,101.4623,330,H341,勐乃,100.5643**,23.2462**,正兴镇勐乃村,17
GC2000000018,青藏高原东部区域网,区域网,30.0376,101.4623,330,H342,长柏,100.5923**,27.3720**,长柏乡中梁子村,17
GC2000000018,青藏高原东部区域网,区域网,30.0376,101.4623,330,H343,红顶乡,101.0362**,30.3491**,红顶乡红顶村,17
GC2000000018,青藏高原东部区域网,区域网,30.0376,101.4623,330,H344,康平,101.2188**,22.4272**,康平镇腊迷房村,17
GC2000000018,青藏高原东部区域网,区域网,30.0376,101.4623,330,H345,龙灯,101.2486**,30.3677**,龙灯乡集思中新村,17
GC2000000018,青藏高原东部区域网,区域网,30.0376,101.4623,330,H346,箐河,101.2368**,27.0213**,箐河乡,17
GC2000000018,青藏高原东部区域网,区域网,30.0376,101.4623,330,H347,鸡丑山,101.3018**,29.2099**,汤古乡俄列村,17
GC2000000018,青藏高原东部区域网,区域网,30.0376,101.4623,330,H348,水塘,101.3097**,24.0996**,水塘镇水塘村小河边组,17
GC2000000018,青藏高原东部区域网,区域网,30.0376,101.4623,330,H349,白乌,101.2723**,27.4015**,白乌镇,17
GC2000000018,青藏高原东部区域网,区域网,30.0376,101.4623,330,H350,整董,101.3330**,22.2222**,整董镇（江城）农场七队,17
GC2000000018,青藏高原东部区域网,区域网,30.0376,101.4623,330,H351,新桥镇,101.3457**,25.2033**,新桥镇马厂村燕子窝组,17
GC2000000018,青藏高原东部区域网,区域网,30.0376,101.4623,330,H352,蚕豆田,101.3962**,24.2556**,大麦地乡蚕豆田村克田组,17
GC2000000018,青藏高原东部区域网,区域网,30.0376,101.4623,330,H353,甸中镇,102.1150**,24.2357**,甸中镇他格莫村,18
GC2000000018,青藏高原东部区域网,区域网,30.0376,101.4623,330,H354,文武,101.4080**,22.5776**,文武乡安益村,18
GC2000000018,青藏高原东部区域网,区域网,30.0376,101.4623,330,H355,三家寨,101.4571**,30.3732**,东谷乡东马村三家寨,18
GC2000000018,青藏高原东部区域网,区域网,30.0376,101.4623,330,H356,罗川,101.5237**,24.5807**,罗川镇白杨村杨家屯组,18
GC2000000018,青藏高原东部区域网,区域网,30.0376,101.4623,330,H357,里庄,101.5155**,28.1393**,里庄乡,18
GC2000000018,青藏高原东部区域网,区域网,30.0376,101.4623,330,H358,窝堡,101.5764**,28.3700**,窝堡乡,18
GC2000000018,青藏高原东部区域网,区域网,30.0376,101.4623,330,H359,佑君镇,102.0915**,27.4527**,高草乡大庄村一组,18
GC2000000018,青藏高原东部区域网,区域网,30.0376,101.4623,330,H360,金山镇,102.0611**,25.0049**,金山镇杨家庄村委会宜家村,18
GC2000000018,青藏高原东部区域网,区域网,30.0376,101.4623,330,H361,渔通,102.1106**,30.0604**,时济乡庄上村,18
GC2000000018,青藏高原东部区域网,区域网,30.0376,101.4623,330,H362,高桥镇,102.1211**,25.3748**,高桥镇下海子村,18
GC2000000018,青藏高原东部区域网,区域网,30.0376,101.4623,330,H363,挖角,102.1370**,29.2617**,挖角乡新桥村四组,18
GC2000000018,青藏高原东部区域网,区域网,30.0376,101.4623,330,H364,鲁奎,102.1398**,23.5611**,扬武镇丕且莫村,18
GC2000000018,青藏高原东部区域网,区域网,30.0376,101.4623,330,H365,彝海,102.1516**,28.4450**,彝海乡彝海村一组,18
GC2000000018,青藏高原东部区域网,区域网,30.0376,101.4623,330,H366,擦罗,102.2054**,29.0869**,擦罗乡福龙村一组,18
GC2000000018,青藏高原东部区域网,区域网,30.0376,101.4623,330,H367,山夫诗,102.2497**,27.5293**,普诗乡四呷村二组,18
GC2000000018,青藏高原东部区域网,区域网,30.0376,101.4623,330,H368,两路口,102.2309**,29.5697**,两路乡两路口村,19
GC2000000018,青藏高原东部区域网,区域网,30.0376,101.4623,330,H369,五道箐,102.2495**,27.3768**,螺髻山镇黄草坪村四组,19
GC2000000018,青藏高原东部区域网,区域网,30.0376,101.4623,330,H370,迤萨镇,102.2727**,23.2113**,迤萨镇水井村,19
GC2000000018,青藏高原东部区域网,区域网,30.0376,101.4623,330,H371,连然镇,102.2737**,24.5686**,温泉镇羊角社区,19
GC2000000018,青藏高原东部区域网,区域网,30.0376,101.4623,330,H372,紫石,102.3498**,30.0346**,紫石乡新地头村,19
GC2000000018,青藏高原东部区域网,区域网,30.0376,101.4623,330,H373,解放沟,102.3397**,27.5277**,解放沟乡解放村二组,19
GC2000000018,青藏高原东部区域网,区域网,30.0376,101.4623,330,H374,昆阳镇,102.4036**,24.3403**,昆阳镇,19
GC2000000018,青藏高原东部区域网,区域网,30.0376,101.4623,330,H375,下普雄,102.3644**,28.3788**,尔觉乡阿木洛村阿木洛组,19
GC2000000018,青藏高原东部区域网,区域网,30.0376,101.4623,330,H376,四开,102.4254**,27.5640**,四开乡沟洛村,19
GC2000000018,青藏高原东部区域网,区域网,30.0376,101.4623,330,H377,天全县,102.4588**,30.0291**,城厢镇龙尾村,19
GC2000000018,青藏高原东部区域网,区域网,30.0376,101.4623,330,H378,青地村,102.3975**,28.2751**,依洛乡树且村安定组,19
GC2000000018,青藏高原东部区域网,区域网,30.0376,101.4623,330,H379,天碧陵园,102.4889**,24.5622**,阿拉乡,19
GC2000000018,青藏高原东部区域网,区域网,30.0376,101.4623,330,H380,江城镇,102.4966**,24.2818**,翠峰乡翠峰小村,19
GC2000000018,青藏高原东部区域网,区域网,30.0376,101.4623,330,H381,曲江镇,102.4986**,23.5462**,曲江镇香木桥村,19
GC2000000018,青藏高原东部区域网,区域网,30.0376,101.4623,330,H382,陈官镇,102.5157**,23.3417**,陈官镇包家山村,19
GC2000000018,青藏高原东部区域网,区域网,30.0376,101.4623,330,H383,七甸,102.5598**,24.5626**,七甸镇头甸村一条龙绿化公司,20
GC2000000018,青藏高原东部区域网,区域网,30.0376,101.4623,330,H384,蜂桶寨,102.5256**,30.2879**,蜂桶寨乡民和村炳阳山组,20
GC2000000018,青藏高原东部区域网,区域网,30.0376,101.4623,330,H385,东山,102.5830**,24.0903**,普茶寨村,20
GC2000000018,青藏高原东部区域网,区域网,30.0376,101.4623,330,H386,莫尼,103.0039**,28.0745**,洛俄依甘乡瓦吾村三组,20
GC2000000018,青藏高原东部区域网,区域网,30.0376,101.4623,330,H387,后坡,103.0243**,26.3869**,蒙姑乡牛泥塘村十三组,20
GC2000000018,青藏高原东部区域网,区域网,30.0376,101.4623,330,H388,嵩阳镇,103.0282**,25.2172**,嵩阳镇西南街村,20
GC2000000018,青藏高原东部区域网,区域网,30.0376,101.4623,330,H389,汤池镇,103.0270**,24.5696**,汤池镇,20
GC2000000018,青藏高原东部区域网,区域网,30.0376,101.4623,330,H390,匡远镇,103.0825**,24.5305**,匡远镇黄堡村,20
GC2000000018,青藏高原东部区域网,区域网,30.0376,101.4623,330,H391,新店,103.1251**,30.0895**,新店镇大坪村三组,20
GC2000000018,青藏高原东部区域网,区域网,30.0376,101.4623,330,H392,羊桥,103.1587**,25.0701**,耿家营羊桥村委员会绿塘村,20
GC2000000018,青藏高原东部区域网,区域网,30.0376,101.4623,330,H393,路美邑,103.1749**,24.5212**,路美邑镇小河村干龙潭,20
GC2000000018,青藏高原东部区域网,区域网,30.0376,101.4623,330,H394,上田坝,103.2646**,28.0577**,上田坝乡中寨村一组,20
GC2000000018,青藏高原东部区域网,区域网,30.0376,101.4623,330,H395,庙子山,103.2140**,29.5589**,洪川镇苦竹岗村二组,20
GC2000000018,青藏高原东部区域网,区域网,30.0376,101.4623,330,H396,落水洞,103.2241**,26.5266**,老店镇阿泥卡村大沟社,20
GC2000000018,青藏高原东部区域网,区域网,30.0376,101.4623,330,H397,西三镇,103.2319**,24.3343**,西三镇大麦地村,20
GC2000000018,青藏高原东部区域网,区域网,30.0376,101.4623,330,H398,红岩村,103.2623**,25.5377**,田坝乡红岩村,21
GC2000000018,青藏高原东部区域网,区域网,30.0376,101.4623,330,H399,大莫古,103.2971**,24.5285**,大莫古镇大地村接雨坡,21
GC2000000018,青藏高原东部区域网,区域网,30.0376,101.4623,330,H400,邓家湾,103.4919**,29.2259**,桥沟镇共裕村二组,21
GC2000000018,青藏高原东部区域网,区域网,30.0376,101.4623,330,H401,木杆,103.5802**,28.0904**,木杆镇木杆村四组,21
GC2000000018,青藏高原东部区域网,区域网,30.0376,101.4623,330,H402,兴隆,104.0533**,30.2544**,兴隆镇罗家店村一组（天星堰）,21
GC2000000018,青藏高原东部区域网,区域网,30.0376,101.4623,330,HB01,茂县,103.4994**,31.4032**,四川省茂县凤仪镇水西村三组,21
GC2000000018,青藏高原东部区域网,区域网,30.0376,101.4623,330,HB02,翁达,100.4325**,31.5204**,翁达镇,21
GC2000000018,青藏高原东部区域网,区域网,30.0376,101.4623,330,HB03,公议,103.3413**,30.4237**,公议镇公议乡四大队八组,21
GC2000000018,青藏高原东部区域网,区域网,30.0376,101.4623,330,HB04,沐川,103.5380**,28.5758**,沐溪镇,21
GC2000000018,青藏高原东部区域网,区域网,30.0376,101.4623,330,HB05,双柏,101.3669**,24.4296**,小村,21
GC2000000018,青藏高原东部区域网,区域网,30.0376,101.4623,330,HB06,通海,102.4971**,24.0635**,杨广镇大新村,21
GC2000000018,青藏高原东部区域网,区域网,30.0376,101.4623,330,HB07,石屏,102.3070**,23.4297**,云南省玉溪市石屏县第一中学（高中部）,21
GC2000000018,青藏高原东部区域网,区域网,30.0376,101.4623,330,HB08,通关,101.2206**,23.1723**,通关镇金马景区,21
GC2000000018,青藏高原东部区域网,区域网,30.0376,101.4623,330,HB09,普洱,101.0277**,23.0249**,云南省宁洱县新平小学,21
GC2000000018,青藏高原东部区域网,区域网,30.0376,101.4623,330,HB10,斗姆阁,103.0746**,23.0858**,云南省个旧市咪的期村,21
GC2000000018,青藏高原东部区域网,区域网,30.0376,101.4623,330,HB11,河口,103.5783**,22.3153**,高级中学,22
GC2000000018,青藏高原东部区域网,区域网,30.0376,101.4623,330,HB12,江城,101.5122**,22.3526**,云南省江城县滨河公园,22
GC2000000018,青藏高原东部区域网,区域网,30.0376,101.4623,330,HB13,普文,101.0363**,22.3063**,云南省思茅市普文镇监狱西面茶叶山上,22
GC2000000018,青藏高原东部区域网,区域网,30.0376,101.4623,330,HB14,勐海,100.2574**,21.5926**,云南省景洪市勐海镇中心小学,22
GC2000000018,青藏高原东部区域网,区域网,30.0376,101.4623,330,HB15,大勐龙,100.4080**,21.3559**,云南省景洪市大勐龙镇景洪市第二中学,22
GC2000000018,青藏高原东部区域网,区域网,30.0376,101.4623,330,HB16,绒坝岔,99.4286**,31.4131**,绒坝岔区昔色乡上村,22
GC2000000018,青藏高原东部区域网,区域网,30.0376,101.4623,330,HB17,德达,99.3267**,30.1760**,巴塘县德达乡,22
GC2000000018,青藏高原东部区域网,区域网,30.0376,101.4623,330,HB18,永平,99.3241**,25.2733**,云南省永平县土地局院子内,22
GC2000000018,青藏高原东部区域网,区域网,30.0376,101.4623,330,HB19,龙陵,98.4142**,24.3403**,云南省龙陵县第一中学,22
GC2000000018,青藏高原东部区域网,区域网,30.0376,101.4623,330,HB20,瑞丽,97.5162**,24.0127**,姐岗小学,22
GC2000000018,青藏高原东部区域网,区域网,30.0376,101.4623,330,HB22,庙子山,103.2262**,29.5312**,洪川镇阳坪农场旺山,22
GC2000000018,青藏高原东部区域网,区域网,30.0376,101.4623,330,JB38,丽江,100.1063**,26.5279**,云南省丽江县拉市乡恩宗村,22
GC2000000018,青藏高原东部区域网,区域网,30.0376,101.4623,330,JB39,思茅,101.0330**,22.4496**,云南省思茅地区思茅市,22
GC2000000018,青藏高原东部区域网,区域网,30.0376,101.4623,330,JB41,腾冲,98.2923**,25.0134**,云南省保山地区腾冲县,22
GC2000000018,青藏高原东部区域网,区域网,30.0376,101.4623,330,JB42,澜沧,99.5528**,22.3334**,云南省思茅地区澜沧县,22
GC2000000019,青藏块体东北缘加密网,区域网,38.4713,98.4657,0,,,,,,
GC2000000020,青藏区域网,区域网,31.1095,97.1069,169,G354,新街,101.2197**,35.4380**,新街乡老虎口村,1
GC2000000020,青藏区域网,区域网,31.1095,97.1069,169,H026,若尔盖,102.5986**,33.3481**,四川省若尔盖县,1
GC2000000020,青藏区域网,区域网,31.1095,97.1069,169,J001,河南,101.3678**,34.4210**,青海省河南县智后茂乡直龙村,1
GC2000000020,青藏区域网,区域网,31.1095,97.1069,169,J002,都兰,98.0574**,36.1632**,青海省都兰县察苏镇上庄村,1
GC2000000020,青藏区域网,区域网,31.1095,97.1069,169,J003,兴海,99.5837**,35.3792**,青海省兴海县唐乃亥乡龙渠村,1
GC2000000020,青藏区域网,区域网,31.1095,97.1069,169,J004,黄河源,95.3144**,34.3377**,青海省曲麻莱县秋智乡,1
GC2000000020,青藏区域网,区域网,31.1095,97.1069,169,J005,玛多,98.1229**,34.5318**,青海省玛多县城,1
GC2000000020,青藏区域网,区域网,31.1095,97.1069,169,J006,达日,99.4155**,33.4805**,青海省甘德县上贡麻乡,1
GC2000000020,青藏区域网,区域网,31.1095,97.1069,169,J008,杂多,95.1571**,32.5348**,青海省杂多县,1
GC2000000020,青藏区域网,区域网,31.1095,97.1069,169,J009,马尼干戈,99.1273**,31.5658**,四川省德格县马尼乡马尼村,1
GC2000000020,青藏区域网,区域网,31.1095,97.1069,169,J010,昌都,97.1020**,31.0934**,西藏自治区昌都县城关镇四川桥村,1
GC2000000020,青藏区域网,区域网,31.1095,97.1069,169,J011,波密,95.3649**,29.5611**,西藏自治区波密县古乡嘎郎村,1
GC2000000020,青藏区域网,区域网,31.1095,97.1069,169,J012,左贡,97.5939**,29.4290**,西藏自治区左贡县乌雅乡,1
GC2000000020,青藏区域网,区域网,31.1095,97.1069,169,J016,沱沱河沿,92.2617**,34.1233**,青海省格尔木市唐古拉山乡,1
GC2000000020,青藏区域网,区域网,31.1095,97.1069,169,J018,安多,91.4061**,32.1475**,西藏自治区安多县,1
GC2000000020,青藏区域网,区域网,31.1095,97.1069,169,J019,巴青,94.0533**,31.5442**,西藏自治区巴青县拉西乡十二村,2
GC2000000020,青藏区域网,区域网,31.1095,97.1069,169,J020,那曲,92.0402**,31.3026**,西藏自治区那曲县德吉乡十村,2
GC2000000020,青藏区域网,区域网,31.1095,97.1069,169,J021,当雄,91.0611**,30.2896**,西藏自治区当雄县,2
GC2000000020,青藏区域网,区域网,31.1095,97.1069,169,J022,工布江达,93.0822**,29.5663**,西藏工布江达县江达乡政府,2
GC2000000020,青藏区域网,区域网,31.1095,97.1069,169,J025,东巧东,91.0675**,32.0079**,西藏自治区安多县,2
GC2000000020,青藏区域网,区域网,31.1095,97.1069,169,J026,申扎,88.4150**,31.0741**,西藏自治区申扎县申扎乡七村,2
GC2000000020,青藏区域网,区域网,31.1095,97.1069,169,J027,羊八井,90.3333**,30.0556**,西藏自治区当雄县羊八井区,2
GC2000000020,青藏区域网,区域网,31.1095,97.1069,169,J028,嘉黎,92.5250**,30.4554**,西藏嘉黎县夏乡四村,2
GC2000000020,青藏区域网,区域网,31.1095,97.1069,169,J029,岗巴,88.3356**,28.1463**,西藏岗巴县,2
GC2000000020,青藏区域网,区域网,31.1095,97.1069,169,J030,定日,87.0362**,28.3510**,西藏自治区定日县扎国乡帮来村,2
GC2000000020,青藏区域网,区域网,31.1095,97.1069,169,J032,隆子,92.2381**,28.2530**,西藏隆子县新巴区六村,2
GC2000000020,青藏区域网,区域网,31.1095,97.1069,169,J033,洛扎,90.3334**,28.2514**,西藏洛扎县扎日乡,2
GC2000000020,青藏区域网,区域网,31.1095,97.1069,169,J034,错那,91.5489**,27.5805**,西藏错那县,2
GC2000000020,青藏区域网,区域网,31.1095,97.1069,169,J035,岗涅姜塘,89.1132**,31.5925**,西藏自治区双湖办事处南错折乡,2
GC2000000020,青藏区域网,区域网,31.1095,97.1069,169,J036,拉冲,86.2671**,31.5547**,西藏自治区尼玛县文部乡三村,2
GC2000000020,青藏区域网,区域网,31.1095,97.1069,169,J037,日喀则,88.5034**,29.2133**,西藏日喀则市东嘎乡扎东村,3
GC2000000020,青藏区域网,区域网,31.1095,97.1069,169,J038,昂仁,87.0556**,29.1981**,西藏昂仁县卡嘎区,3
GC2000000020,青藏区域网,区域网,31.1095,97.1069,169,J039,江孜,89.3314**,28.5473**,西藏自治区江孜县紫金八村,3
GC2000000020,青藏区域网,区域网,31.1095,97.1069,169,J040,吉隆,85.2638**,28.5795**,西藏吉隆县,3
GC2000000020,青藏区域网,区域网,31.1095,97.1069,169,J041,聂拉木,85.5852**,28.0881**,西藏聂拉木县,3
GC2000000020,青藏区域网,区域网,31.1095,97.1069,169,J042,帕里,89.0914**,27.4391**,西藏亚东县帕里镇气象局,3
GC2000000020,青藏区域网,区域网,31.1095,97.1069,169,J043,改则,84.0788**,32.1752**,西藏自治区改则县,3
GC2000000020,青藏区域网,区域网,31.1095,97.1069,169,J044,革吉,81.1148**,32.2270**,西藏自治区革吉县,3
GC2000000020,青藏区域网,区域网,31.1095,97.1069,169,J045,普兰,81.1000**,30.1717**,西藏自治区普兰县,3
GC2000000020,青藏区域网,区域网,31.1095,97.1069,169,J046,桑木桑,82.4932**,30.2339**,西藏自治区仲巴县,3
GC2000000020,青藏区域网,区域网,31.1095,97.1069,169,J047,麻扎,77.0095**,36.3491**,新疆维吾尔自治区叶城县,3
GC2000000020,青藏区域网,区域网,31.1095,97.1069,169,J049,乌疆,79.5686**,33.3398**,西藏自治区日土县,3
GC2000000020,青藏区域网,区域网,31.1095,97.1069,169,J301,康西瓦,78.4329**,36.1279**,喀什塔什乡219国道432公里处,3
GC2000000020,青藏区域网,区域网,31.1095,97.1069,169,J302,红柳滩,79.0942**,35.5904**,喀什塔什乡219国道484公里处,3
GC2000000020,青藏区域网,区域网,31.1095,97.1069,169,J303,神仙湾,78.5000**,35.3400**,神仙湾,3
GC2000000020,青藏区域网,区域网,31.1095,97.1069,169,J304,泉水沟,79.3001**,35.3670**,喀什塔什乡219国道546公里处,4
GC2000000020,青藏区域网,区域网,31.1095,97.1069,169,J305,523公里,79.2503**,35.4641**,喀什塔什乡219国道523公里处,4
GC2000000020,青藏区域网,区域网,31.1095,97.1069,169,J306,铁隆滩,79.2832**,35.1438**,喀什塔什乡219国道591公里处,4
GC2000000020,青藏区域网,区域网,31.1095,97.1069,169,J307,依格孜牙,76.0945**,38.4032**,依格孜牙乡,4
GC2000000020,青藏区域网,区域网,31.1095,97.1069,169,J308,普子拉,79.0505**,31.5378**,香孜乡,4
GC2000000020,青藏区域网,区域网,31.1095,97.1069,169,J309,空岔口,79.4480**,35.0073**,喀什塔什乡219国道634公里处,4
GC2000000020,青藏区域网,区域网,31.1095,97.1069,169,J310,日松,79.4840**,33.1229**,日松乡,4
GC2000000020,青藏区域网,区域网,31.1095,97.1069,169,J311,札达,79.4815**,31.2966**,（托林镇）,4
GC2000000020,青藏区域网,区域网,31.1095,97.1069,169,J312,635道班,79.5105**,34.5647**,喀什塔什乡219国道645公里处,4
GC2000000020,青藏区域网,区域网,31.1095,97.1069,169,J313,阿邦勒,80.0016**,32.3696**,狮泉河镇阿邦勒,4
GC2000000020,青藏区域网,区域网,31.1095,97.1069,169,J314,夏木,80.1736**,31.4240**,昆莎乡夏木村,4
GC2000000020,青藏区域网,区域网,31.1095,97.1069,169,J315,松西,80.2084**,34.2636**,多玛乡松西村,4
GC2000000020,青藏区域网,区域网,31.1095,97.1069,169,J316,多玛,80.1990**,33.4636**,多玛乡,4
GC2000000020,青藏区域网,区域网,31.1095,97.1069,169,J317,热帮,80.2499**,33.0290**,热帮乡,4
GC2000000020,青藏区域网,区域网,31.1095,97.1069,169,J318,曲龙,80.2520**,30.5754**,达巴乡曲龙村,4
GC2000000020,青藏区域网,区域网,31.1095,97.1069,169,J319,扎木,95.4767**,29.4893**,扎木镇养护段,5
GC2000000020,青藏区域网,区域网,31.1095,97.1069,169,J320,帮日,81.5198**,30.4214**,霍尔乡帮日村（夏拉泥）,5
GC2000000020,青藏区域网,区域网,31.1095,97.1069,169,J321,美马错,82.1069**,34.1499**,东汝乡阿汝村美马错,5
GC2000000020,青藏区域网,区域网,31.1095,97.1069,169,J322,夏尔错,82.1184**,32.1487**,雄巴乡夏尔错村（小盐湖）,5
GC2000000020,青藏区域网,区域网,31.1095,97.1069,169,J323,亚热,82.1414**,31.3087**,亚热乡,5
GC2000000020,青藏区域网,区域网,31.1095,97.1069,169,J324,多木拉,82.3033**,34.0464**,先遣乡巴热村多木拉,5
GC2000000020,青藏区域网,区域网,31.1095,97.1069,169,J325,拜惹布错西,82.4816**,35.0159**,,5
GC2000000020,青藏区域网,区域网,31.1095,97.1069,169,J326,茶柱,83.1406**,29.4778**,纳久乡热苏村茶柱,5
GC2000000020,青藏区域网,区域网,31.1095,97.1069,169,J327,达热布,83.1990**,32.2469**,物玛乡达那村,5
GC2000000020,青藏区域网,区域网,31.1095,97.1069,169,J328,帕龙错,83.3302**,30.4607**,隆嘎尔乡夏吉村帕龙错,5
GC2000000020,青藏区域网,区域网,31.1095,97.1069,169,J329,冬果,83.4037**,31.3960**,麻米乡克勤村冬果,5
GC2000000020,青藏区域网,区域网,31.1095,97.1069,169,J330,隆嘎尔,83.5802**,31.0288**,隆嘎尔乡吉孔村,5
GC2000000020,青藏区域网,区域网,31.1095,97.1069,169,J331,查哈那泊,84.0167**,33.0975**,察布乡卡尔江玛村查哈那泊,5
GC2000000020,青藏区域网,区域网,31.1095,97.1069,169,J332,仲巴,84.0245**,29.4327**,,5
GC2000000020,青藏区域网,区域网,31.1095,97.1069,169,J333,流砂山北,83.4609**,35.2061**,,5
GC2000000020,青藏区域网,区域网,31.1095,97.1069,169,J334,达雄,85.0407**,31.2140**,达雄乡,6
GC2000000020,青藏区域网,区域网,31.1095,97.1069,169,J335,中仓,85.1608**,32.0111**,中仓乡,6
GC2000000020,青藏区域网,区域网,31.1095,97.1069,169,J336,措勤村,85.1147**,30.4166**,措勤村,6
GC2000000020,青藏区域网,区域网,31.1095,97.1069,169,J337,得穷道班,85.3824**,29.2640**,得穷道班,6
GC2000000020,青藏区域网,区域网,31.1095,97.1069,169,J338,昂马,85.4160**,29.5741**,昂马,6
GC2000000020,青藏区域网,区域网,31.1095,97.1069,169,J339,乃龙,86.2331**,28.4190**,乃龙乡,6
GC2000000020,青藏区域网,区域网,31.1095,97.1069,169,J340,查孜,86.3142**,30.0097**,查孜乡,6
GC2000000020,青藏区域网,区域网,31.1095,97.1069,169,J341,甲谷,87.0912**,31.1270**,甲谷乡,6
GC2000000020,青藏区域网,区域网,31.1095,97.1069,169,J342,贡久布,87.0014**,30.3793**,贡久布乡,6
GC2000000020,青藏区域网,区域网,31.1095,97.1069,169,J343,羊湖东,84.4900**,35.2801**,,6
GC2000000020,青藏区域网,区域网,31.1095,97.1069,169,J344,耸峙岭南,85.4273**,35.2822**,,6
GC2000000020,青藏区域网,区域网,31.1095,97.1069,169,J345,岗龙,87.2151**,31.3680**,岗龙村,6
GC2000000020,青藏区域网,区域网,31.1095,97.1069,169,J346,几脚桥,87.4641**,28.3251**,几脚桥边防检查站,6
GC2000000020,青藏区域网,区域网,31.1095,97.1069,169,J347,谢通门,88.1426**,29.2531**,,6
GC2000000020,青藏区域网,区域网,31.1095,97.1069,169,J348,双湖,88.4051**,33.1512**,双湖特别区嘎措公社,6
GC2000000020,青藏区域网,区域网,31.1095,97.1069,169,J349,巴扎,88.3884**,30.3757**,巴扎乡,7
GC2000000020,青藏区域网,区域网,31.1095,97.1069,169,J350,雄梅镇,89.0188**,31.2593**,雄梅镇二村,7
GC2000000020,青藏区域网,区域网,31.1095,97.1069,169,J351,班戈,90.0464**,31.2526**,第二居委会,7
GC2000000020,青藏区域网,区域网,31.1095,97.1069,169,J352,空巴,89.1859**,27.5599**,堆纳乡菜鬼村,7
GC2000000020,青藏区域网,区域网,31.1095,97.1069,169,J353,日阿玛,89.3785**,28.1837**,萨马达乡孟则村,7
GC2000000020,青藏区域网,区域网,31.1095,97.1069,169,J354,普保四村,90.0193**,31.2115**,普保镇四村,7
GC2000000020,青藏区域网,区域网,31.1095,97.1069,169,J355,德庆,90.0439**,30.3078**,德庆乡八村,7
GC2000000020,青藏区域网,区域网,31.1095,97.1069,169,J356,达克,89.5494**,28.3727**,涅如堆乡达克村,7
GC2000000020,青藏区域网,区域网,31.1095,97.1069,169,J357,马玉,90.0602**,28.5583**,热龙乡马玉村,7
GC2000000020,青藏区域网,区域网,31.1095,97.1069,169,J358,塔荣,90.0949**,29.2675**,塔荣镇塔荣村,7
GC2000000020,青藏区域网,区域网,31.1095,97.1069,169,J359,萨达,90.1683**,29.1942**,帕当乡萨达村,7
GC2000000020,青藏区域网,区域网,31.1095,97.1069,169,J360,嘎波果,90.3364**,30.1247**,羊八井镇嘎波果村,7
GC2000000020,青藏区域网,区域网,31.1095,97.1069,169,J361,强玛镇,90.4937**,32.0060**,强玛镇,7
GC2000000020,青藏区域网,区域网,31.1095,97.1069,169,J362,蓬错,90.5301**,31.2666**,北拉镇十四村,7
GC2000000020,青藏区域网,区域网,31.1095,97.1069,169,J363,古露,91.3958**,30.5463**,古露镇一村,7
GC2000000020,青藏区域网,区域网,31.1095,97.1069,169,J364,扎仁,91.4114**,31.5180**,扎仁镇休村,8
GC2000000020,青藏区域网,区域网,31.1095,97.1069,169,J365,罗玛,91.4773**,31.1373**,罗玛镇十村,8
GC2000000020,青藏区域网,区域网,31.1095,97.1069,169,J366,头二九,91.5080**,32.3359**,头二九山口,8
GC2000000020,青藏区域网,区域网,31.1095,97.1069,169,J367,曲德沃,91.5382**,28.5799**,曲德沃村,8
GC2000000020,青藏区域网,区域网,31.1095,97.1069,169,J368,沙纳陇仁,91.5684**,33.2874**,沙纳陇仁,8
GC2000000020,青藏区域网,区域网,31.1095,97.1069,169,J369,唐古拉,92.2192**,33.5730**,,8
GC2000000020,青藏区域网,区域网,31.1095,97.1069,169,J370,沱沱河,92.3620**,34.2240**,沱沱河,8
GC2000000020,青藏区域网,区域网,31.1095,97.1069,169,J371,八四道班,92.4379**,34.2725**,八四道班,8
GC2000000020,青藏区域网,区域网,31.1095,97.1069,169,J372,七八道班,92.5619**,34.4924**,七八道班,8
GC2000000020,青藏区域网,区域网,31.1095,97.1069,169,J373,夏曲镇,92.4948**,31.4787**,夏曲镇,8
GC2000000020,青藏区域网,区域网,31.1095,97.1069,169,J374,五道梁,93.2132**,35.2031**,五道梁,8
GC2000000020,青藏区域网,区域网,31.1095,97.1069,169,J375,朗县,93.0453**,29.0297**,朗镇朗村,8
GC2000000020,青藏区域网,区域网,31.1095,97.1069,169,J376,不冻泉,93.3575**,35.2551**,,8
GC2000000020,青藏区域网,区域网,31.1095,97.1069,169,J377,昆仑山口,94.0306**,35.3624**,不冻泉北昆仑山口,8
GC2000000020,青藏区域网,区域网,31.1095,97.1069,169,J378,嘉黎,93.1321**,30.3888**,城,8
GC2000000020,青藏区域网,区域网,31.1095,97.1069,169,J379,望昆,94.0665**,35.4288**,西大滩望昆,9
GC2000000020,青藏区域网,区域网,31.1095,97.1069,169,J380,小南川,94.2145**,35.5263**,纳赤台镇小南川,9
GC2000000020,青藏区域网,区域网,31.1095,97.1069,169,J381,昂纳涌,94.2798**,33.2613**,扎青乡昂闹村昂纳涌,9
GC2000000020,青藏区域网,区域网,31.1095,97.1069,169,J382,荣布,94.3718**,31.3571**,荣布镇十二村,9
GC2000000020,青藏区域网,区域网,31.1095,97.1069,169,J383,农场水泥厂,94.4766**,35.5540**,格尔木农场总场水泥厂,9
GC2000000020,青藏区域网,区域网,31.1095,97.1069,169,J384,年扎尕玛,94.4497**,34.5576**,曲麻河乡安那村二组,9
GC2000000020,青藏区域网,区域网,31.1095,97.1069,169,J385,温泉水库,95.1370**,35.4497**,温泉水库,9
GC2000000020,青藏区域网,区域网,31.1095,97.1069,169,J386,多彩,95.2292**,33.4959**,多彩乡聂恰村二组,9
GC2000000020,青藏区域网,区域网,31.1095,97.1069,169,J387,热昌,95.2821**,31.2739**,丁青镇热昌村三组,9
GC2000000020,青藏区域网,区域网,31.1095,97.1069,169,J388,孜托镇,95.4896**,30.4560**,孜托镇,9
GC2000000020,青藏区域网,区域网,31.1095,97.1069,169,J389,松宗,96.0622**,29.4564**,松宗镇,9
GC2000000020,青藏区域网,区域网,31.1095,97.1069,169,J390,香迁,96.2429**,31.2970**,类乌齐镇香迁村,9
GC2000000020,青藏区域网,区域网,31.1095,97.1069,169,J391,喀日塞,96.2516**,35.4376**,宗加镇喀日塞,9
GC2000000020,青藏区域网,区域网,31.1095,97.1069,169,J392,野吉尼玛,96.3722**,32.4446**,下拉秀乡野吉尼玛村四组,9
GC2000000020,青藏区域网,区域网,31.1095,97.1069,169,J393,白马镇,96.5351**,30.0387**,白马镇,9
GC2000000020,青藏区域网,区域网,31.1095,97.1069,169,J394,托松宗,97.0328**,28.2768**,下察隅镇日玛村托松宗,10
GC2000000020,青藏区域网,区域网,31.1095,97.1069,169,J395,古玉,97.1024**,29.1672**,古玉乡博学村,10
GC2000000020,青藏区域网,区域网,31.1095,97.1069,169,J396,夏莫地,97.1006**,33.4297**,珍秦乡四村三组,10
GC2000000020,青藏区域网,区域网,31.1095,97.1069,169,J397,当巴,97.1796**,33.0336**,歇武镇当巴村一组,10
GC2000000020,青藏区域网,区域网,31.1095,97.1069,169,J398,察隅,97.2836**,28.4336**,竹瓦根镇然巴村色达坝,10
GC2000000020,青藏区域网,区域网,31.1095,97.1069,169,J399,查龙穷,97.3036**,34.0122**,清水河镇扎麻村一组,10
GC2000000020,青藏区域网,区域网,31.1095,97.1069,169,J400,野牛沟,97.5759**,34.2422**,查理镇野牛沟,10
GC2000000020,青藏区域网,区域网,31.1095,97.1069,169,J401,哈拉西里克,97.5764**,35.3001**,香加乡哈拉西里克,10
GC2000000020,青藏区域网,区域网,31.1095,97.1069,169,J402,江达县,98.1354**,31.3040**,江达镇岗达村,10
GC2000000020,青藏区域网,区域网,31.1095,97.1069,169,J403,觉悟寺,98.3761**,32.2294**,虾扎中区国营牧场二组,10
GC2000000020,青藏区域网,区域网,31.1095,97.1069,169,J404,戈壁盐滩工区,98.3601**,35.0053**,花石峡镇戈壁盐滩工区,10
GC2000000020,青藏区域网,区域网,31.1095,97.1069,169,J405,花石峡,98.5220**,35.0756**,花石峡镇,10
GC2000000020,青藏区域网,区域网,31.1095,97.1069,169,J406,优云,99.1139**,34.1666**,优云乡,10
GC2000000020,青藏区域网,区域网,31.1095,97.1069,169,J407,苦海滩,99.1305**,35.2130**,花石峡镇苦海滩,10
GC2000000020,青藏区域网,区域网,31.1095,97.1069,169,J408,银朵,99.4049**,32.4330**,泥朵乡银朵村,10
GC2000000020,青藏区域网,区域网,31.1095,97.1069,169,J409,大武镇,100.1896**,34.2744**,拉加镇纳西多,11
GC2000000020,青藏区域网,区域网,31.1095,97.1069,169,J410,甲宗,101.1074**,31.1808**,玉科区甲宗乡,11
GC2000000020,青藏区域网,区域网,31.1095,97.1069,169,J411,松岗,102.0812**,31.5683**,马尔康镇邓家村三组,11
GC2000000020,青藏区域网,区域网,31.1095,97.1069,169,J412,墨龙,102.3048**,31.2125**,抚边乡墨龙村四组,11
GC2000000020,青藏区域网,区域网,31.1095,97.1069,169,J413,夹壁,102.4904**,31.3830**,夹壁乡夹壁村克斯多组,11
GC2000000020,青藏区域网,区域网,31.1095,97.1069,169,J414,南津,104.4240**,30.0109**,南津镇湖广村十二组,11
GC2000000020,青藏区域网,区域网,31.1095,97.1069,169,J415,马脑顶,103.4070**,31.5864**,叠溪镇马脑顶组,11
GC2000000020,青藏区域网,区域网,31.1095,97.1069,169,J416,上四寨,103.4707**,33.1976**,漳扎镇上四寨村二组,11
GC2000000020,青藏区域网,区域网,31.1095,97.1069,169,J417,坝底,104.0801**,31.5066**,坝底乡三溪村二组,11
GC2000000020,青藏区域网,区域网,31.1095,97.1069,169,J418,白马,104.1658**,32.4531**,白马镇,11
GC2000000020,青藏区域网,区域网,31.1095,97.1069,169,J419,琵琶,105.2060**,33.1116**,琵琶镇尖子崖村,11
GC2000000020,青藏区域网,区域网,31.1095,97.1069,169,J420,宜牛,98.1996**,33.0337**,宜牛乡一村六组,11
GC2000000020,青藏区域网,区域网,31.1095,97.1069,169,J421,五一桥,98.3589**,31.5222**,城关镇五一桥村一组,11
GC2000000020,青藏区域网,区域网,31.1095,97.1069,169,J422,波罗,97.2463**,28.5976**,古玉乡波罗村,11
GC2000000020,青藏区域网,区域网,31.1095,97.1069,169,J423,田妥,97.3086**,29.5758**,田妥镇德达村,11
GC2000000020,青藏区域网,区域网,31.1095,97.1069,169,J424,益青,97.0568**,30.3312**,益庆乡益青村,12
GC2000000020,青藏区域网,区域网,31.1095,97.1069,169,J425,年拉山,97.2067**,30.4860**,卡若镇博村,12
GC2000000020,青藏区域网,区域网,31.1095,97.1069,169,J426,玉龙,97.4649**,31.2231**,青泥洞乡玉龙村,12
GC2000000020,青藏区域网,区域网,31.1095,97.1069,169,J427,九二道班,92.2147**,33.5736**,九二道班,12
GC2000000021,青藏云贵川GPS二级网,区域网,35.3080,88.2694,0,,,,,,
GC2000000022,山西网,区域网,,,29,S005,马连盘,113.4669**,39.5383**,,1
GC2000000022,山西网,区域网,,,29,S009,代县,113.0305**,39.0345**,,1
GC2000000022,山西网,区域网,,,29,S016,花果山,112.4445**,38.1463**,大盂乡峰东村,1
GC2000000022,山西网,区域网,,,29,S017,马头水,112.2381**,37.5700**,太原绕城高速（西段）柴村,1
GC2000000022,山西网,区域网,,,29,S018,李家楼,112.1980**,37.3888**,,1
GC2000000022,山西网,区域网,,,29,S023,来远,112.3092**,37.0825**,,1
GC2000000022,山西网,区域网,,,29,S025,夏门,111.4188**,36.4979**,灵石县夏门镇政府,1
GC2000000022,山西网,区域网,,,29,S032,下峪口,110.3258**,35.3766**,,1
GC2000000022,山西网,区域网,,,29,S039,二十岭,110.5337**,34.4955**,解州镇,1
GC2000000022,山西网,区域网,,,29,S002,温庄,113.1638**,39.5614**,毛家皂乡温庄村,1
GC2000000022,山西网,区域网,,,29,S003,窑子头,112.5969**,39.5297**,鹅毛口乡窑子头村,1
GC2000000022,山西网,区域网,,,29,S004,东圪坨铺,113.3382**,39.4933**,南水头乡东圪坨铺,1
GC2000000022,山西网,区域网,,,29,S006,西辛村,113.0369**,39.3185**,大黄巍乡西辛村,1
GC2000000022,山西网,区域网,,,29,S007,林家口,112.3024**,39.2436**,小平易乡林家口村,1
GC2000000022,山西网,区域网,,,29,S008,雁门关,112.5016**,39.1170**,雁门关乡麻布袋沟村,1
GC2000000022,山西网,区域网,,,29,S010,沙沟村,112.4677**,38.5522**,淳阳镇沙沟村,2
GC2000000022,山西网,区域网,,,29,S011,S011,112.4750**,38.4335**,停关头村,2
GC2000000022,山西网,区域网,,,29,S012,黄龙王沟,112.3166**,38.4743**,黄龙王村,2
GC2000000022,山西网,区域网,,,29,S013,S013,113.2242**,38.4499**,乐茹村,2
GC2000000022,山西网,区域网,,,29,S014,茶房口,113.0190**,38.2320**,尧头乡董家堰村,2
GC2000000022,山西网,区域网,,,29,S015,南铺村,112.4461**,38.3588**,南铺村,2
GC2000000022,山西网,区域网,,,29,S019,S019,111.2948**,37.2104**,薛公岭,2
GC2000000022,山西网,区域网,,,29,S024,果子沟,112.1512**,37.0305**,果子沟村,2
GC2000000022,山西网,区域网,,,29,S028,上前坡,111.2030**,36.1734**,上前坡村,2
GC2000000022,山西网,区域网,,,29,S033,周流,111.0634**,35.3630**,古交乡周流村,2
GC2000000022,山西网,区域网,,,29,S034,冷口,111.3254**,35.2548**,冷口乡寨子村,2
GC2000000022,山西网,区域网,,,29,S037,卫家屯,110.4118**,35.0610**,嵋阳镇卫家屯,2
GC2000000022,山西网,区域网,,,29,S038,南山底,111.1461**,35.0693**,前乡南山底村,2
GC2000000022,山西网,区域网,,,29,S040,三新村,110.1708**,34.4445**,双店村,2
GC2000000023,陕甘宁青网,区域网,,,9,XM47,西岷47S,103.0106**,34.5118**,加门关乡麻布村,1
GC2000000023,陕甘宁青网,区域网,,,9,XM68,西岷68S,104.0354**,34.2655**,郊乡龙潭村一队,1
GC2000000023,陕甘宁青网,区域网,,,9,YZ46,玉张46S,99.2232**,39.1405**,兴坝乡元山子村,1
GC2000000023,陕甘宁青网,区域网,,,9,YZ68,玉张68S,100.2553**,38.5695**,新墩镇百塔村,1
GC2000000023,陕甘宁青网,区域网,,,9,WB12,望褒12S,105.4806**,33.2085**,郭镇寺沟村,1
GC2000000023,陕甘宁青网,区域网,,,9,TW43,天望43S,105.2106**,33.2704**,望子关乡叶湾村下河坝组,1
GC2000000023,陕甘宁青网,区域网,,,9,TW16,天望16S,105.4589**,34.0243**,麻沿乡麻沿乡糜岭小学,1
GC2000000023,陕甘宁青网,区域网,,,9,SL01,四陇1S,106.5119**,35.2719**,大寨乡高塬村佛塬组,1
GC2000000023,陕甘宁青网,区域网,,,9,SL11,四陇11S,106.4710**,35.1194**,安口镇陶坪村凉水泉组,1
GC2000000024,首都圈,区域网,,,271,A001,察右中旗,112.3636**,41.1618**,内蒙古察哈尔右翼中旗气象局旧址,1
GC2000000024,首都圈,区域网,,,271,A002,卓资,112.3385**,40.5311**,内蒙古卓资县气象局,1
GC2000000024,首都圈,区域网,,,271,A003,凉城,112.2812**,40.3105**,内蒙古凉城县第三中学,1
GC2000000024,首都圈,区域网,,,271,A004,右玉,112.2166**,40.1020**,山西省右玉县右玉城梁家油坊国营林场,1
GC2000000024,首都圈,区域网,,,271,A005,集宁,113.0775**,41.0146**,内蒙古集宁,1
GC2000000024,首都圈,区域网,,,271,A006,察右前旗,113.1283**,40.4703**,内蒙古察右前旗自来水公司供水站,1
GC2000000024,首都圈,区域网,,,271,A007,丰镇,113.1161**,40.2674**,内蒙古丰镇武装部弹药库,1
GC2000000024,首都圈,区域网,,,271,A008,左云,112.4394**,40.0016**,山西省左云县城关镇陈家河村,1
GC2000000024,首都圈,区域网,,,271,A009,大同,113.1495**,40.0886**,山西省大同市马军营乡上皇庄村,1
GC2000000024,首都圈,区域网,,,271,A010,尚义,113.5980**,41.0693**,河北省尚义县南壕堑镇席麻沟村,1
GC2000000024,首都圈,区域网,,,271,A012,阳高,113.4503**,40.2244**,山西省阳高县国营苗圃,1
GC2000000024,首都圈,区域网,,,271,A013,西坪,113.3974**,40.0207**,山西省大同县瓜园乡东坪村,1
GC2000000024,首都圈,区域网,,,271,A014,张北,114.4257**,41.1094**,河北省张北县职业教育中心,1
GC2000000024,首都圈,区域网,,,271,A015,怀安,114.1320**,40.4241**,河北省怀安县渡口堡乡西坪山村,1
GC2000000024,首都圈,区域网,,,271,A016,怀安镇,114.2546**,40.2797**,河北省怀安县怀安城镇七里店村,1
GC2000000024,首都圈,区域网,,,271,A017,天镇,114.0695**,40.2791**,山西省天镇县城关镇李家庄村,2
GC2000000024,首都圈,区域网,,,271,A018,阳原,114.0868**,40.0745**,河北省阳原县阳原县第一中学,2
GC2000000024,首都圈,区域网,,,271,A019,张家口,114.4762**,40.5161**,河北省张家口市翠屏庵,2
GC2000000024,首都圈,区域网,,,271,A020,宣化,115.0205**,40.3372**,河北省宣化县洋河南镇邓家台幼儿园门前,2
GC2000000024,首都圈,区域网,,,271,A021,深井,114.4803**,40.2677**,河北省宣化县深井镇北大底村,2
GC2000000024,首都圈,区域网,,,271,A022,化稍营,114.4040**,40.1362**,河北省阳原县大田洼乡油坊村,2
GC2000000024,首都圈,区域网,,,271,A023,桃花堡,114.5719**,40.0538**,河北省蔚县桃花堡乡鲁家庄村,2
GC2000000024,首都圈,区域网,,,271,A024,吴家窑,112.5031**,39.4967**,山西省左云县马道头乡黄家店村,2
GC2000000024,首都圈,区域网,,,271,A025,山阴,112.4807**,39.3261**,山西省山阴县岱岳乡七里沟村,2
GC2000000024,首都圈,区域网,,,271,A026,雁门关,112.5073**,39.1043**,山西省代县白草口乡雁门关陡沟梁,2
GC2000000024,首都圈,区域网,,,271,A027,大芳,112.4849**,38.5931**,山西省原平市沿沟乡茹岳村,2
GC2000000024,首都圈,区域网,,,271,A028,原平,112.4673**,38.4324**,山西省原平市原平镇东营村,2
GC2000000024,首都圈,区域网,,,271,A029,忻州,112.4121**,38.2492**,山西省忻州市逯家庄,2
GC2000000024,首都圈,区域网,,,271,A030,怀仁,113.0357**,39.4915**,山西省怀仁县何家堡乡全福寨村,2
GC2000000024,首都圈,区域网,,,271,A031,应县,113.1639**,39.3483**,山西省应县镇子梁乡赵家湾村,2
GC2000000024,首都圈,区域网,,,271,A032,东留属,113.1190**,39.1020**,山西省代县枣林镇东留属村,3
GC2000000024,首都圈,区域网,,,271,A033,五台山,113.3949**,39.0375**,山西省五台县台怀镇东台沟村,3
GC2000000024,首都圈,区域网,,,271,A035,定襄,112.5866**,38.2641**,山西省定襄县南王乡小南邢村,3
GC2000000024,首都圈,区域网,,,271,A036,浑源,113.3831**,39.4388**,山西省浑源县下韩乡神溪村,3
GC2000000024,首都圈,区域网,,,271,A037,青磁窑,113.4879**,39.3480**,山西省浑源县青磁窑乡大柴峪村,3
GC2000000024,首都圈,区域网,,,271,A038,大营,113.4496**,39.1719**,山西省繁峙县大营镇大营村,3
GC2000000024,首都圈,区域网,,,271,A039,神堂堡,113.5637**,39.0788**,山西省繁峙县神堂堡乡神堂堡村,3
GC2000000024,首都圈,区域网,,,271,A040,横岭,113.3887**,38.4627**,山西省五台县门限石乡横岭村,3
GC2000000024,首都圈,区域网,,,271,A041,广灵,114.1309**,39.4562**,山西省广灵县乡平城村,3
GC2000000024,首都圈,区域网,,,271,A042,灵丘,114.1324**,39.2560**,山西省灵丘县高家庄兴乐中学,3
GC2000000024,首都圈,区域网,,,271,A043,阜平,114.1301**,38.5266**,河北省阜平县城关镇庄上村,3
GC2000000024,首都圈,区域网,,,271,A044,陈庄,114.0730**,38.3494**,河北省灵寿县陈庄镇张家台村,3
GC2000000024,首都圈,区域网,,,271,A045,白涧,115.1567**,39.3888**,河北省涞水县赵各庄镇白涧村北大萝卜渠沟,3
GC2000000024,首都圈,区域网,,,271,A046,蔚县,114.3484**,39.5095**,河北省蔚县县政府院内,3
GC2000000024,首都圈,区域网,,,271,A047,草沟堡,114.4965**,39.4186**,河北省蔚县草沟堡乡白庄村,3
GC2000000024,首都圈,区域网,,,271,A048,涞源,114.3357**,39.2117**,河北省涞源县北石佛乡白抽村,4
GC2000000024,首都圈,区域网,,,271,A049,黄石口,114.4496**,39.0256**,河北省唐县黄石口乡黄石口村,4
GC2000000024,首都圈,区域网,,,271,A050,东沟村,114.3463**,38.4978**,河北省曲阳县灵山镇石岭庄村,4
GC2000000024,首都圈,区域网,,,271,A051,行唐,114.3388**,38.2554**,河北省行唐县城关镇南关,4
GC2000000024,首都圈,区域网,,,271,A052,唐县,112.5536**,38.4616**,河北省唐县仁厚镇麻黄头村,4
GC2000000024,首都圈,区域网,,,271,A053,崇礼,115.1795**,40.5822**,河北省崇礼县西湾子东村,4
GC2000000024,首都圈,区域网,,,271,A054,李家堡,115.1763**,40.4181**,河北省宣化县李家堡乡中学,4
GC2000000024,首都圈,区域网,,,271,A055,下花园,115.2431**,40.3155**,河北省张家口市下花园区段家堡乡段家堡村,4
GC2000000024,首都圈,区域网,,,271,A056,涿鹿,115.1023**,40.2096**,河北省涿鹿县保岱镇张庄村,4
GC2000000024,首都圈,区域网,,,271,A057,辉跃,115.0944**,40.1172**,河北省涿鹿县辉跃乡岔道村,4
GC2000000024,首都圈,区域网,,,271,A058,独石口,115.4336**,41.1738**,河北省赤城县独石口镇东瓦窑村,4
GC2000000024,首都圈,区域网,,,271,A059,赤城,115.5039**,40.5495**,河北省赤城县地震台,4
GC2000000024,首都圈,区域网,,,271,A061,怀来,115.3624**,40.2366**,河北省怀来县土木乡炮儿村,4
GC2000000024,首都圈,区域网,,,271,A062,桑园,115.2869**,40.2104**,河北省怀来县桑园乡暖泉村,4
GC2000000024,首都圈,区域网,,,271,A063,白草,116.0408**,41.0738**,河北省赤城县白草镇白草村,4
GC2000000024,首都圈,区域网,,,271,A064,白河堡,116.1026**,40.3977**,北京市延庆县香营乡白河堡水库,5
GC2000000024,首都圈,区域网,,,271,A065,四海,116.2466**,40.3143**,北京市延庆县四海镇四海村,5
GC2000000024,首都圈,区域网,,,271,A066,康庄,115.5523**,40.2002**,北京市延庆县八达岭镇里炮村南,5
GC2000000024,首都圈,区域网,,,271,A067,沙河,116.1419**,40.0636**,北京市昌平区沙河镇老牛湾村,5
GC2000000024,首都圈,区域网,,,271,A068,丰宁,116.3755**,41.1394**,河北省丰宁县地震台,5
GC2000000024,首都圈,区域网,,,271,A069,黑山咀,116.5520**,41.0221**,河北省丰宁县黑山咀镇黑山咀村,5
GC2000000024,首都圈,区域网,,,271,A070,汤河口,116.3794**,40.4334**,北京市怀柔县汤河口镇庄户沟门村,5
GC2000000024,首都圈,区域网,,,271,A071,密云,116.4997**,40.2557**,北京市密云县溪翁庄镇东智北村,5
GC2000000024,首都圈,区域网,,,271,A072,怀柔,116.3513**,40.1842**,北京市怀柔县怀柔水库南岸,5
GC2000000024,首都圈,区域网,,,271,A074,凤山,117.1001**,41.1368**,河北省丰宁县凤山镇白营村,5
GC2000000024,首都圈,区域网,,,271,A075,滦平,117.2143**,40.5675**,河北省滦平县滦平镇西台子村,5
GC2000000024,首都圈,区域网,,,271,A076,古北口,117.0950**,40.4061**,北京市密云县古北口镇南关村,5
GC2000000024,首都圈,区域网,,,271,A077,六道河,117.1586**,40.2463**,河北省兴隆县六道河镇三道河村,5
GC2000000024,首都圈,区域网,,,271,A078,兴隆,117.3263**,40.2780**,河北省兴隆县兴隆镇大河南村,5
GC2000000024,首都圈,区域网,,,271,A079,平谷,117.0877**,40.0637**,北京市平谷县东高村镇东高村,5
GC2000000024,首都圈,区域网,,,271,A080,黄崖关,117.2955**,40.1008**,天津市蓟县下营镇东于庄村,6
GC2000000024,首都圈,区域网,,,271,A082,斋堂,115.4286**,39.5980**,北京市门头沟区斋堂镇白虎头村,6
GC2000000024,首都圈,区域网,,,271,A083,十渡,115.3395**,39.3892**,北京市房山区十渡乡西河村,6
GC2000000024,首都圈,区域网,,,271,A084,紫荆关,115.0938**,39.2639**,河北省易县紫荆关镇教场村,6
GC2000000024,首都圈,区域网,,,271,A085,易县,115.2970**,39.2280**,河北省易县易州镇石炕村白排楼,6
GC2000000024,首都圈,区域网,,,271,A086,神星,115.1658**,39.0164**,河北省满城县神晏镇石家佐村,6
GC2000000024,首都圈,区域网,,,271,A087,保定,115.2947**,38.4848**,河北省保定市南市区南大园乡岳庄,6
GC2000000024,首都圈,区域网,,,271,A088,门头沟,116.0811**,39.5712**,北京市石景山区五里坨镇黑石头村,6
GC2000000024,首都圈,区域网,,,271,A089,北京,116.1279**,29.5477**,北京市石景山区老山小区北老山山顶,6
GC2000000024,首都圈,区域网,,,271,A091,良乡,116.0536**,39.4119**,北京市房山区大紫草坞乡南梨园村复兴苗圃场,6
GC2000000024,首都圈,区域网,,,271,A092,大兴,116.1739**,39.4279**,北京大兴县北藏村乡东海军司房山农场二分场,6
GC2000000024,首都圈,区域网,,,271,A093,涿州,116.0024**,39.2970**,河北省涿州城内水电部第四工程局院内,6
GC2000000024,首都圈,区域网,,,271,A094,固安,116.1629**,39.2498**,河北省固安县公主府乡公主府村供销社院内,6
GC2000000024,首都圈,区域网,,,271,A095,容城,115.5031**,39.0385**,河北省容城县容城镇谷庄村,6
GC2000000024,首都圈,区域网,,,271,A096,任丘,116.0747**,39.4215**,河北省任丘市新华路街殷边村,6
GC2000000024,首都圈,区域网,,,271,A097,高阳,115.4642**,38.4225**,河北省高阳县高阳镇西庄村,7
GC2000000024,首都圈,区域网,,,271,A098,通县,116.3769**,39.5158**,北京市通州区梨园地区小稿村,7
GC2000000024,首都圈,区域网,,,271,A100,廊坊,116.4340**,39.2975**,河北省廊坊市北史家务乡西孟各庄村,7
GC2000000024,首都圈,区域网,,,271,A101,永清,116.2751**,39.1909**,河北省永清县永清镇郝家场村,7
GC2000000024,首都圈,区域网,,,271,A102,霸州,116.2357**,39.0434**,河北省霸州市霸州镇王伍房村,7
GC2000000024,首都圈,区域网,,,271,A103,胜芳,116.4329**,39.0416**,河北省霸州市胜芳镇金胜学校,7
GC2000000024,首都圈,区域网,,,271,A104,文安,116.2882**,38.5150**,河北省文安县文安镇张庄村,7
GC2000000024,首都圈,区域网,,,271,A105,大城,116.3762**,38.4207**,河北省大城县第一中学,7
GC2000000024,首都圈,区域网,,,271,A106,三河,117.0849**,40.4045**,河北省三河市黄土庄镇大唐村灵泉福园,7
GC2000000024,首都圈,区域网,,,271,A107,宝坻,117.1611**,39.4334**,天津市宝坻县第二苗圃场,7
GC2000000024,首都圈,区域网,,,271,A108,河西务,116.5627**,39.3595**,天津市武清县河西务乡白庄村,7
GC2000000024,首都圈,区域网,,,271,A109,武清,117.0503**,39.2480**,天津市武清县徐官屯乡马庄村,7
GC2000000024,首都圈,区域网,,,271,A110,天津,117.1876**,39.0784**,天津市东丽区程林苗圃,7
GC2000000024,首都圈,区域网,,,271,A111,静海,116.5167**,38.5663**,梁头镇地震台,7
GC2000000024,首都圈,区域网,,,271,A112,唐官屯,116.5580**,38.4355**,天津市静海县唐官屯镇,7
GC2000000024,首都圈,区域网,,,271,A113,北大港,117.0842**,38.4218**,天津市静海县大庄子乡西湾湾河小学,8
GC2000000024,首都圈,区域网,,,271,A114,林亭口,117.3085**,39.3813**,天津市宝坻县林亭口镇初级中学,8
GC2000000024,首都圈,区域网,,,271,A115,隆化,117.5120**,41.1541**,河北省隆化县韩麻营镇韩麻营村,8
GC2000000024,首都圈,区域网,,,271,A116,承德市,117.5650**,41.0055**,河北省承德市狮子沟镇狮子沟村,8
GC2000000024,首都圈,区域网,,,271,A117,下板城,118.0730**,40.4401**,河北省承德县下板城镇大杖子村,8
GC2000000024,首都圈,区域网,,,271,A118,下台子,117.4454**,40.3671**,河北省兴隆县下台子乡下台子村,8
GC2000000024,首都圈,区域网,,,271,A119,遵化,117.5747**,40.1634**,河北省遵化市侯家寨乡罗文峪村,8
GC2000000024,首都圈,区域网,,,271,A120,平泉,118.3828**,41.0064**,河北省平泉县平泉镇二道河子村,8
GC2000000024,首都圈,区域网,,,271,A121,宽城,118.2740**,40.3577**,河北省宽城县宽城镇北局子村,8
GC2000000024,首都圈,区域网,,,271,A122,潘家口,118.1754**,40.2271**,河北省迁西县滦阳镇杨查子村,8
GC2000000024,首都圈,区域网,,,271,A123,迁西,118.2054**,40.0936**,河北省迁西县兴城镇西河南寨村,8
GC2000000024,首都圈,区域网,,,271,A124,松岭子,119.1201**,40.5786**,辽宁省凌源市松岭子镇小茶棚村,8
GC2000000024,首都圈,区域网,,,271,A126,青龙,118.5476**,40.2019**,河北省青龙县青龙镇蛇盘兔村,8
GC2000000024,首都圈,区域网,,,271,A127,迁安,118.4211**,40.0294**,河北省迁安市迁安镇新寨村,8
GC2000000024,首都圈,区域网,,,271,A128,建昌,119.4652**,40.4864**,辽宁省建昌县建昌镇,8
GC2000000024,首都圈,区域网,,,271,A129,木头凳,119.2248**,40.2704**,河北省青龙县木头凳镇木头凳村土墙店,9
GC2000000024,首都圈,区域网,,,271,A130,双山子,119.0920**,40.2017**,河北省青龙县双山子镇双山子村,9
GC2000000024,首都圈,区域网,,,271,A131,王家店,119.4236**,40.2298**,辽宁省绥中县王家店乡北台子村,9
GC2000000024,首都圈,区域网,,,271,A132,绥中,120.1834**,40.1894**,辽宁省绥中县沙河站乡桥家岭村,9
GC2000000024,首都圈,区域网,,,271,A133,山海关,119.3929**,40.0002**,河北省秦皇岛市山海关区石河镇毛家沟村,9
GC2000000024,首都圈,区域网,,,271,A134,玉田,117.4139**,39.5882**,河北省玉田县唐自头镇小燕山口村,9
GC2000000024,首都圈,区域网,,,271,A135,窝洛沽,117.4778**,39.4106**,河北省玉田县窝洛沽镇刘学庄中学内,9
GC2000000024,首都圈,区域网,,,271,A136,潘庄,117.2824**,39.2029**,天津市宁河县潘庄镇中学,9
GC2000000024,首都圈,区域网,,,271,A137,宁河,117.4420**,39.2060**,天津市宁河县大北涧沽乡大北村,9
GC2000000024,首都圈,区域网,,,271,A138,塘沽,117.3918**,39.0588**,天津市塘沽区创业村小学,9
GC2000000024,首都圈,区域网,,,271,A139,丰润,118.0732**,39.5111**,河北省丰润县丰润镇小尚古庄村,9
GC2000000024,首都圈,区域网,,,271,A140,唐山,118.1315**,39.3719**,河北省唐山市路北区园林苗圃,9
GC2000000024,首都圈,区域网,,,271,A141,南堡,118.1856**,39.0277**,河北省滦南县南堡乡南堡小学,9
GC2000000024,首都圈,区域网,,,271,A142,滦县,118.4360**,39.4114**,河北省滦县呼堂镇杜峪村,9
GC2000000024,首都圈,区域网,,,271,A144,柏各庄,118.3111**,39.1815**,河北省滦南县柏各庄镇中心小学,9
GC2000000024,首都圈,区域网,,,271,A145,乐亭,118.5327**,39.2881**,河北省乐亭县汀流河镇东徐家房子,10
GC2000000024,首都圈,区域网,,,271,A146,大清河,118.5109**,39.1359**,河北省乐亭县马头营镇红房子（原造纸厂院）,10
GC2000000024,首都圈,区域网,,,271,A147,抚宁,119.1586**,39.5244**,河北省秦皇岛市抚宁县抚宁镇上庄村,10
GC2000000024,首都圈,区域网,,,271,A148,卢龙,118.5981**,39.5492**,河北省卢龙县下寨乡丁家沟村,10
GC2000000024,首都圈,区域网,,,271,A150,果庄,116.0932**,40.1917**,北京市昌平区十三陵乡果庄村,10
GC2000000024,首都圈,区域网,,,271,A151,虎峪,116.0854**,40.1553**,北京市昌平区南口镇虎峪村,10
GC2000000024,首都圈,区域网,,,271,A152,山峡,116.1402**,40.1111**,北京市昌平区山峡社区,10
GC2000000024,首都圈,区域网,,,271,A153,龙潭村,116.0406**,40.1539**,北京市昌平区南口镇龙潭村,10
GC2000000024,首都圈,区域网,,,271,A154,丈头村,116.0750**,40.1140**,北京市昌平区马池口镇丈头村,10
GC2000000024,首都圈,区域网,,,271,A155,卧龙岗,116.0897**,39.5291**,北京市丰台区辛店乡东河沿村沟东村,10
GC2000000024,首都圈,区域网,,,271,A156,郭公庄,116.1826**,39.4839**,北京市丰台区花乡郭公庄泰丰花木场分场,10
GC2000000024,首都圈,区域网,,,271,A157,庄子,116.0977**,39.5055**,北京市丰台区长辛店乡太子峪庄子村,10
GC2000000024,首都圈,区域网,,,271,A158,晓幼营,116.0319**,39.4937**,北京市房山区青龙湖镇（原崇各庄乡）晓幼营,10
GC2000000024,首都圈,区域网,,,271,A159,坨里,116.0289**,39.4722**,北京市房山区坨里镇水峪村,10
GC2000000024,首都圈,区域网,,,271,A301,郑家楼村,116.5246**,39.1266**,王庆坨镇郑家楼村,10
GC2000000024,首都圈,区域网,,,271,A302,寨头,113.5117**,39.2433**,王庄堡镇寨头村,11
GC2000000024,首都圈,区域网,,,271,A303,马营村,117.2294**,39.4869**,下窝头镇西马营村,11
GC2000000024,首都圈,区域网,,,271,A304,卓素图,112.5084**,40.4255**,三义泉镇卓素图村,11
GC2000000024,首都圈,区域网,,,271,A305,宙字,113.0099**,40.2620**,丰镇市马家库联乡洪字村宙字组,11
GC2000000024,首都圈,区域网,,,271,A306,郭家窑,113.0173**,40.2175**,郭家窑乡贾什队村,11
GC2000000024,首都圈,区域网,,,271,A307,商都,113.2932**,41.3325**,七台镇董家村项家组,11
GC2000000024,首都圈,区域网,,,271,A308,黄茂营,113.3292**,41.0308**,察哈尔右翼前旗黄茂营乡红胜村小双卷组,11
GC2000000024,首都圈,区域网,,,271,A309,上夭,113.4392**,40.3527**,浑源窑乡天花板村上夭组,11
GC2000000024,首都圈,区域网,,,271,A310,洗马林窑,114.1993**,41.0098**,套里庄乡洗马林窑村,11
GC2000000024,首都圈,区域网,,,271,A311,石头淖,114.3232**,41.2018**,公会镇石头淖村,11
GC2000000024,首都圈,区域网,,,271,A312,第三屯,114.3493**,40.3993**,第六屯乡第三屯村,11
GC2000000024,首都圈,区域网,,,271,A313,望虎台,114.4514**,40.5906**,膳房堡乡望虎台村,11
GC2000000024,首都圈,区域网,,,271,A314,河子西,114.5904**,40.3907**,河子西乡河西林场,11
GC2000000024,首都圈,区域网,,,271,A315,宇宙营,115.0769**,41.2785**,宇宙营乡,11
GC2000000024,首都圈,区域网,,,271,A316,辛庄子,115.0904**,40.3114**,辛庄子乡辛庄子村,11
GC2000000024,首都圈,区域网,,,271,A317,西水沟,115.3605**,40.5297**,炮梁乡西水沟村,12
GC2000000024,首都圈,区域网,,,271,A318,赵家窝铺,115.4296**,40.3625**,大海陀乡赵家窝铺村,12
GC2000000024,首都圈,区域网,,,271,A319,黑牛山,116.2469**,40.5665**,杨木栅子乡黑牛山村,12
GC2000000024,首都圈,区域网,,,271,A320,西庄子,116.5172**,40.3567**,冯家峪镇西庄子村,12
GC2000000024,首都圈,区域网,,,271,A321,下王营,117.0088**,40.4999**,邓厂乡下王营村,12
GC2000000024,首都圈,区域网,,,271,A322,曹家路,117.2403**,40.3961**,新城子镇曹家路村,12
GC2000000024,首都圈,区域网,,,271,A323,三成店,117.4169**,40.4983**,付营子乡三成店村,12
GC2000000024,首都圈,区域网,,,271,A324,三道梁,118.0304**,40.3209**,蘑菇峪乡三道梁村,12
GC2000000024,首都圈,区域网,,,271,A325,南水泉村,118.1944**,40.5708**,六沟镇南水泉村,12
GC2000000024,首都圈,区域网,,,271,A326,大营子,118.2726**,41.2458**,黑里河镇大营子村,12
GC2000000024,首都圈,区域网,,,271,A327,北刘古庄,118.3032**,40.1505**,太平寨镇北刘古庄村,12
GC2000000024,首都圈,区域网,,,271,A328,下庄,118.5567**,40.0787**,刘家营乡下庄村,12
GC2000000024,首都圈,区域网,,,271,A329,兴隆村,119.5829**,40.1021**,高岭镇兴隆村,12
GC2000000024,首都圈,区域网,,,271,A330,凉水泉村,120.0928**,40.3430**,三道沟满族乡凉水泉村,12
GC2000000024,首都圈,区域网,,,271,A331,前吕庄,116.0317**,40.2929**,沈家营镇前吕庄村,12
GC2000000024,首都圈,区域网,,,271,A332,存瑞,115.3321**,40.2894**,存瑞镇头二营村,13
GC2000000024,首都圈,区域网,,,271,A333,黑山寨,116.1721**,40.2186**,长陵镇黑山寨村,13
GC2000000024,首都圈,区域网,,,271,A334,姜庄,113.2881**,40.1701**,花园屯乡姜庄村,13
GC2000000024,首都圈,区域网,,,271,A335,过家屯,114.0646**,40.1700**,米薪关镇过家屯村,13
GC2000000024,首都圈,区域网,,,271,A336,史中坞,116.4948**,40.1305**,龙湾屯镇史中坞村,13
GC2000000024,首都圈,区域网,,,271,A337,西范各庄,116.3085**,40.1339**,北石槽镇西范各庄村,13
GC2000000024,首都圈,区域网,,,271,A338,瓦窑,115.3658**,40.0998**,官厅镇瓦窑村,13
GC2000000024,首都圈,区域网,,,271,A339,高崖口,115.5852**,40.0845**,流村镇高崖口村,13
GC2000000024,首都圈,区域网,,,271,A340,王迷寨,118.0028**,40.0445**,新店子镇王迷寨村,13
GC2000000024,首都圈,区域网,,,271,A341,北岭庄,114.3759**,40.0038**,南岭庄乡北岭庄村,13
GC2000000024,首都圈,区域网,,,271,A342,泉寺头,113.2213**,40.0802**,水泊寺乡泉寺头村,13
GC2000000024,首都圈,区域网,,,271,A343,小辛庄,116.2222**,40.0545**,东小口镇小辛庄村,13
GC2000000024,首都圈,区域网,,,271,A344,乔官屯,116.5244**,39.5888**,高楼镇乔官屯村,13
GC2000000024,首都圈,区域网,,,271,A345,桃园沟,115.2092**,39.5519**,谢家堡乡桃园沟村,13
GC2000000024,首都圈,区域网,,,271,A346,西上五岺,118.2256**,39.5579**,杨柳庄镇西上五岺村,13
GC2000000024,首都圈,区域网,,,271,A347,落阵营,113.2424**,39.5441**,杜庄乡落阵营村,14
GC2000000024,首都圈,区域网,,,271,A348,西黎元庄,114.5231**,39.5472**,柏树乡西黎元庄村,14
GC2000000024,首都圈,区域网,,,271,A349,沿河村,117.2818**,39.5493**,别山镇沿河村,14
GC2000000024,首都圈,区域网,,,271,A350,望狐,113.5663**,39.4863**,望狐乡望狐村,14
GC2000000024,首都圈,区域网,,,271,A351,黄土岗,117.5359**,39.5185**,亮甲店镇黄土岗村,14
GC2000000024,首都圈,区域网,,,271,A352,柳林水,115.4339**,39.4984**,史家营乡柳林水村,14
GC2000000024,首都圈,区域网,,,271,A353,李各庄,115.5655**,39.4904**,河北镇李各庄村,14
GC2000000024,首都圈,区域网,,,271,A354,松树湾,113.3108**,39.4712**,南榆林乡松树湾村,14
GC2000000024,首都圈,区域网,,,271,A355,杨秀店,116.3479**,39.4359**,马驹桥镇杨秀店村,14
GC2000000024,首都圈,区域网,,,271,A356,娄子水,115.5410**,39.3961**,周口店镇娄子水村,14
GC2000000024,首都圈,区域网,,,271,A357,小海字,116.4373**,39.3940**,于家务回族乡小海字村,14
GC2000000024,首都圈,区域网,,,271,A358,云峰寺,113.4509**,39.3670**,青磁窑乡桦皮沟村,14
GC2000000024,首都圈,区域网,,,271,A359,下彭庄,114.2577**,39.3233**,柳科乡下彭庄村,14
GC2000000024,首都圈,区域网,,,271,A360,侯家营,119.0894**,39.3766**,泥井镇侯家营村,14
GC2000000024,首都圈,区域网,,,271,A361,窝北厂,117.1456**,39.3658**,大口屯镇窝北厂村,14
GC2000000024,首都圈,区域网,,,271,A362,大渠村,116.2847**,39.3440**,安定镇大渠村,15
GC2000000024,首都圈,区域网,,,271,A363,店子,117.0989**,39.3230**,崔黄口镇店子村,15
GC2000000024,首都圈,区域网,,,271,A364,双坨,114.5597**,39.2692**,王安镇双坨村,15
GC2000000024,首都圈,区域网,,,271,A365,赵四牛,117.5551**,39.3189**,南孙庄乡赵四牛村,15
GC2000000024,首都圈,区域网,,,271,A366,南靳庄,117.0521**,39.2911**,南蔡村镇南靳庄村,15
GC2000000024,首都圈,区域网,,,271,A367,张彪村,117.3931**,39.2993**,东棘坨镇张彪村,15
GC2000000024,首都圈,区域网,,,271,A368,望岩,113.0282**,39.2464**,杏寨乡望岩村,15
GC2000000024,首都圈,区域网,,,271,A369,同心街,115.4332**,39.2438**,王村乡同心街村,15
GC2000000024,首都圈,区域网,,,271,A370,黄湾村,119.0612**,39.2197**,姜各庄镇黄湾村,15
GC2000000024,首都圈,区域网,,,271,A371,八三一农场,118.1308**,39.2109**,八三一农场,15
GC2000000024,首都圈,区域网,,,271,A372,杨庄村,116.5630**,39.1921**,陈咀镇杨庄村,15
GC2000000024,首都圈,区域网,,,271,A373,刘庄,113.2609**,39.1938**,白马石乡刘庄村,15
GC2000000024,首都圈,区域网,,,271,A374,赵庄村,116.0531**,39.1669**,辛桥乡赵庄村,15
GC2000000024,首都圈,区域网,,,271,A375,北何庄,117.1696**,39.1655**,大张庄镇北何庄村,15
GC2000000024,首都圈,区域网,,,271,A376,利民,112.1131**,39.1873**,利民镇安子坪村,15
GC2000000024,首都圈,区域网,,,271,A377,水口,115.0337**,39.1488**,良岗镇水口村,16
GC2000000024,首都圈,区域网,,,271,A378,南淮淀,117.3366**,39.1422**,北淮淀乡南淮淀村,16
GC2000000024,首都圈,区域网,,,271,A379,汉沽农场,117.4964**,39.1631**,第一生产队,16
GC2000000024,首都圈,区域网,,,271,A380,南营邱,115.3206**,39.1101**,张家庄乡南营邱村,16
GC2000000024,首都圈,区域网,,,271,A381,下关,114.1060**,39.0798**,下关乡下关村,16
GC2000000024,首都圈,区域网,,,271,A382,西琉城村,117.0030**,39.0248**,张家窝镇西琉城村,16
GC2000000024,首都圈,区域网,,,271,A383,十间房,117.2823**,38.5901**,葛沽镇十间房村,16
GC2000000024,首都圈,区域网,,,271,A384,高召,116.0673**,38.5440**,大苟各庄镇高召村,16
GC2000000024,首都圈,区域网,,,271,A385,东台子,117.1809**,38.5051**,王稳庄镇东台子村,16
GC2000000024,首都圈,区域网,,,271,A386,东社,113.0107**,38.4260**,东社镇王东社村,16
GC2000000024,首都圈,区域网,,,271,A387,野场,115.1347**,38.4067**,高岭乡野场村,16
GC2000000024,首都圈,区域网,,,271,A388,马棚口,117.3208**,38.3708**,古林街道马棚口村,16
GC2000000024,首都圈,区域网,,,271,A389,陈南寨,116.2212**,38.3483**,束城镇陈南寨村,16
GC2000000024,首都圈,区域网,,,271,A390,营里,113.3934**,38.2947**,营里乡万里村,16
GC2000000024,首都圈,区域网,,,271,A391,东姜庄,117.0022**,38.2930**,兴济镇东姜庄村,16
GC2000000024,首都圈,区域网,,,271,A392,付佐,115.4400**,38.2522**,付佐乡付佐西村,17
GC2000000024,首都圈,区域网,,,271,AB01,阳原,114.0827**,40.0974**,河北省张家口市阳原县西城镇桥良水村,17
GC2000000024,首都圈,区域网,,,271,AB02,涿鹿,115.0812**,40.2168**,河北省张家口市涿鹿县涿鹿镇朝阳寺村,17
GC2000000024,首都圈,区域网,,,271,AB03,顺义,116.3708**,40.0388**,北京市顺义区李桥镇头二营村,17
GC2000000024,首都圈,区域网,,,271,AB04,香河,116.5779**,39.4679**,河北省廊坊市香河县淑阳镇孙止务村,17
GC2000000024,首都圈,区域网,,,271,AB05,大城,116.3823**,38.4333**,河北省廊坊市大城县平舒镇大祥连村,17
GC2000000024,首都圈,区域网,,,271,AB06,刀尔登,119.0781**,40.4533**,辽宁省凌源市刀尔登镇南营子村,17
GC2000000024,首都圈,区域网,,,271,AB07,塘沽,117.3443**,39.0521**,天津市塘沽区四道桥天津市地震局塘沽地震台,17
GC2000000024,首都圈,区域网,,,271,AB08,滦南,118.3324**,39.3285**,河北省唐山市滦南县扒齿港镇中心小学(荣程,17
GC2000000024,首都圈,区域网,,,271,AB09,张北,114.4347**,41.1013**,河北省张北县张北镇树儿湾小学,17
GC2000000024,首都圈,区域网,,,271,AN01,静海,116.5157**,38.5681**,梁头镇地震台,17
GC2000000024,首都圈,区域网,,,271,CB01,河间,116.0774**,38.2793**,河北省河间市瀛洲镇贾庄村,17
GC2000000024,首都圈,区域网,,,271,D012,平鲁,112.1510**,39.3677**,山西省朔州市平鲁区西水界乡担子山村,17
GC2000000024,首都圈,区域网,,,271,D013,偏关,111.3133**,39.2575**,山西省偏关县窑头乡,17
GC2000000024,首都圈,区域网,,,271,D014,离石,111.1370**,37.3194**,山西省离石市田家会镇下楼桥村,17
GC2000000024,首都圈,区域网,,,271,D015,柴庄,113.1949**,38.1725**,山西省盂县上社镇柴庄,18
GC2000000024,首都圈,区域网,,,271,HB12,沟南村,113.1523**,38.4276**,沟南乡沟南村,18
GC2000000024,首都圈,区域网,,,271,HB27,紫石口,115.2463**,39.4383**,野三坡镇紫石口村,18
GC2000000024,首都圈,区域网,,,271,HB33,佛峪口,115.4903**,40.2975**,张山营乡佛峪口村,18
GC2000000024,首都圈,区域网,,,271,HB14,柏宝西村,113.2565**,40.3867**,柏宝西村,18
GC2000000024,首都圈,区域网,,,271,HB26,北下邑,115.0386**,38.5456**,河口乡北下邑村,18
GC2000000024,首都圈,区域网,,,271,HB31,石佛寺,115.4158**,40.2150**,狼山镇石佛寺村,18
GC2000000024,首都圈,区域网,,,271,HB32,上中院,115.4988**,39.3991**,岳各庄乡上中院村,18
GC2000000024,首都圈,区域网,,,271,HB35,西演,115.5261**,38.3568**,西演镇,18
GC2000000024,首都圈,区域网,,,271,HB37,张庄,115.5627**,40.2882**,五里营村张庄地震台,18
GC2000000024,首都圈,区域网,,,271,HB39,南辛房,116.0070**,39.5363**,潭柘寺乡南辛房村,18
GC2000000024,首都圈,区域网,,,271,HB34,兴仁堡,115.5092**,40.5261**,兴仁堡,18
GC2000000024,首都圈,区域网,,,271,HB21,小渡口,114.3893**,40.1381**,化稍营镇小渡口村,18
GC2000000024,首都圈,区域网,,,271,HB24,万全镇,114.4532**,40.5293**,万全镇,18
GC2000000024,首都圈,区域网,,,271,HB25,沙岑子,114.5582**,40.4077**,沙岑子镇,18
GC2000000024,首都圈,区域网,,,271,BZ08,北湛,113.0153**,39.3021**,大黄巍乡北湛村小学,19
GC2000000025,郯庐带及其周缘,区域网,,,88,B301,黄川,118.5660**,34.4029**,黄川镇桃李村,1
GC2000000025,郯庐带及其周缘,区域网,,,88,B302,西日晒,118.4110**,34.4677**,大兴镇日晒村西日晒村,1
GC2000000025,郯庐带及其周缘,区域网,,,88,B303,后段宅,118.2933**,34.4763**,泉源乡后段宅村,1
GC2000000025,郯庐带及其周缘,区域网,,,88,B304,王庄,116.3678**,36.0485**,王庄镇初级中学,1
GC2000000025,郯庐带及其周缘,区域网,,,88,B305,大柴庄,116.3839**,37.5798**,于桥乡大柴庄村,1
GC2000000025,郯庐带及其周缘,区域网,,,88,B306,梁屯,116.4115**,34.1111**,赵庄镇张老庄村大新庄组,1
GC2000000025,郯庐带及其周缘,区域网,,,88,B307,河滩,116.4615**,32.0910**,安丰镇东庄村庙拐组,1
GC2000000025,郯庐带及其周缘,区域网,,,88,B308,朱寨,116.5008**,34.4595**,朱寨镇徐胡庄村,1
GC2000000025,郯庐带及其周缘,区域网,,,88,B309,汤庄,116.5683**,31.3036**,柏林乡兴和村汤庄村民组,1
GC2000000025,郯庐带及其周缘,区域网,,,88,B310,吴村镇,117.0106**,35.4685**,吴村镇峪口东村,1
GC2000000025,郯庐带及其周缘,区域网,,,88,B311,窑头,117.0489**,36.3905**,窑头村,1
GC2000000025,郯庐带及其周缘,区域网,,,88,B312,豆腐店,117.1033**,37.1774**,许商街幸福湖居委会豆腐店村,1
GC2000000025,郯庐带及其周缘,区域网,,,88,B313,庆云镇,117.2409**,37.5063**,庆云镇西城村,1
GC2000000025,郯庐带及其周缘,区域网,,,88,B314,洪曹,117.2782**,33.0766**,王庄镇镇北居委会,1
GC2000000025,郯庐带及其周缘,区域网,,,88,B315,土井村,117.2804**,34.5314**,齐村镇和平村土井村,1
GC2000000025,郯庐带及其周缘,区域网,,,88,B316,东土楼,117.2854**,33.5186**,朱集乡红旗村亢庄组,2
GC2000000025,郯庐带及其周缘,区域网,,,88,B317,罗圈,117.3397**,36.5594**,明集镇罗圈村,2
GC2000000025,郯庐带及其周缘,区域网,,,88,B318,北双王,117.3628**,36.2540**,雪野镇北双王村,2
GC2000000025,郯庐带及其周缘,区域网,,,88,B319,梁邱镇,117.4358**,35.0934**,梁邱镇梁邱北村,2
GC2000000025,郯庐带及其周缘,区域网,,,88,B320,东官庄,117.4615**,38.0837**,埕口镇东官庄村,2
GC2000000025,郯庐带及其周缘,区域网,,,88,B321,土山,117.5095**,34.1398**,土山镇政府外游园广场,2
GC2000000025,郯庐带及其周缘,区域网,,,88,B322,周家庄,117.5978**,35.2725**,大田庄乡周家庄,2
GC2000000025,郯庐带及其周缘,区域网,,,88,B323,张林,118.0993**,35.4780**,坦埠镇张林村,2
GC2000000025,郯庐带及其周缘,区域网,,,88,B324,罗盖,118.1575**,37.2746**,董集乡罗盖村,2
GC2000000025,郯庐带及其周缘,区域网,,,88,B325,梁家,118.2204**,37.5273**,义和镇梁家村,2
GC2000000025,郯庐带及其周缘,区域网,,,88,B326,张家坡,118.3078**,36.0270**,张家坡镇东流泉村,2
GC2000000025,郯庐带及其周缘,区域网,,,88,B327,羊口,118.5116**,37.1550**,羊口镇,2
GC2000000025,郯庐带及其周缘,区域网,,,88,B328,山前村,120.5436**,38.2338**,北隍城乡山前村,2
GC2000000025,郯庐带及其周缘,区域网,,,88,B329,大口东山,120.4511**,38.0927**,跎矶镇大口东山村,2
GC2000000025,郯庐带及其周缘,区域网,,,88,B330,靖子村,122.0714**,37.3374**,孙家疃镇靖子村小东山,2
GC2000000025,郯庐带及其周缘,区域网,,,88,B331,礼村,122.4093**,37.2497**,成山镇落凤岗村,3
GC2000000025,郯庐带及其周缘,区域网,,,88,B332,班山口,120.4582**,37.1731**,西城镇班山口村,3
GC2000000025,郯庐带及其周缘,区域网,,,88,B333,姜家村,121.1856**,37.0523**,崖子镇姜家村,3
GC2000000025,郯庐带及其周缘,区域网,,,88,B334,葛家镇,121.5096**,37.0942**,葛家镇葛家村,3
GC2000000025,郯庐带及其周缘,区域网,,,88,B335,灶户,119.2298**,37.0452**,青乡镇灶户村环渤海滩涂公司,3
GC2000000025,郯庐带及其周缘,区域网,,,88,B336,土山,119.4165**,37.0353**,莱州市土山镇,3
GC2000000025,郯庐带及其周缘,区域网,,,88,B337,东南孙村,119.0381**,36.5346**,高里镇东南孙村,3
GC2000000025,郯庐带及其周缘,区域网,,,88,B338,徐家屯,120.1882**,36.5165**,武备镇徐家屯村,3
GC2000000025,郯庐带及其周缘,区域网,,,88,B339,宫家村,121.4286**,36.5164**,白沙滩镇宫家村,3
GC2000000025,郯庐带及其周缘,区域网,,,88,B340,宅科村,120.4529**,36.4185**,高格庄镇宅科村村委会,3
GC2000000025,郯庐带及其周缘,区域网,,,88,B341,大岭,119.3192**,36.4024**,饮马镇大岭村,3
GC2000000025,郯庐带及其周缘,区域网,,,88,B342,南村,120.0737**,36.3071**,南村镇洪兰中学,3
GC2000000025,郯庐带及其周缘,区域网,,,88,B343,李家寨,120.5374**,36.2562**,田横镇李家寨村,3
GC2000000025,郯庐带及其周缘,区域网,,,88,B344,高崖镇,118.5018**,36.2286**,高崖镇程家漳河村,3
GC2000000025,郯庐带及其周缘,区域网,,,88,B345,戴家庄,119.2082**,36.1565**,景芝镇戴家庄村,3
GC2000000025,郯庐带及其周缘,区域网,,,88,B346,富官庄,118.5683**,36.0440**,富官庄乡官庄村,4
GC2000000025,郯庐带及其周缘,区域网,,,88,B347,胶南,119.5808**,35.5413**,珠山街道办事处曹戈庄村（崔家庄村）,4
GC2000000025,郯庐带及其周缘,区域网,,,88,B348,黄墩镇,119.0737**,35.2469**,黄墩镇,4
GC2000000025,郯庐带及其周缘,区域网,,,88,B349,小河疃,118.3666**,35.2049**,石莲子镇小河疃村,4
GC2000000025,郯庐带及其周缘,区域网,,,88,B350,西潘村,119.2143**,35.0742**,虎山镇西潘家村,4
GC2000000025,郯庐带及其周缘,区域网,,,88,B351,黄家屯,118.3886**,35.0278**,青云镇凤凰岭村黄家屯,4
GC2000000025,郯庐带及其周缘,区域网,,,88,B352,褚墩镇,118.1490**,34.4938**,褚墩镇初级中学院内,4
GC2000000025,郯庐带及其周缘,区域网,,,88,B353,南晨,118.4609**,34.4437**,南晨乡西山后村磨山养殖场,4
GC2000000025,郯庐带及其周缘,区域网,,,88,B354,青伊湖农场,119.0380**,34.2480**,国营青伊湖农场下坊分场,4
GC2000000025,郯庐带及其周缘,区域网,,,88,B355,北沟,118.2358**,34.2050**,北沟镇北沟村花为媒园艺场,4
GC2000000025,郯庐带及其周缘,区域网,,,88,B356,滨淮,120.0860**,34.1753**,滨淮镇新生村,4
GC2000000025,郯庐带及其周缘,区域网,,,88,B357,丫头港农场,120.2301**,33.5641**,射阳港丫头港农场,4
GC2000000025,郯庐带及其周缘,区域网,,,88,B358,凌城,118.0613**,33.4922**,凌城镇实验小学,4
GC2000000025,郯庐带及其周缘,区域网,,,88,B359,南集,119.2739**,33.4564**,南集镇南集中学操场内,4
GC2000000025,郯庐带及其周缘,区域网,,,88,B360,中路港,120.3149**,33.3222**,黄沙港镇中路港村一管区,4
GC2000000025,郯庐带及其周缘,区域网,,,88,B361,东咀,118.3979**,33.2126**,龙集镇东咀村（原尚咀乡）,5
GC2000000025,郯庐带及其周缘,区域网,,,88,B362,明光,117.5639**,32.4659**,城西街道办事处梁山村曹庄组,5
GC2000000025,郯庐带及其周缘,区域网,,,88,B363,尖南,120.4802**,32.4639**,海堤乡尖南村(现弶港镇),5
GC2000000025,郯庐带及其周缘,区域网,,,88,B364,武坚,119.4758**,32.4450**,武坚镇合新村,5
GC2000000025,郯庐带及其周缘,区域网,,,88,B365,万山南,118.3194**,32.3835**,半塔镇大余郢村万山组,5
GC2000000025,郯庐带及其周缘,区域网,,,88,B366,界牌集,117.4970**,32.1478**,界牌集镇界牌村,5
GC2000000025,郯庐带及其周缘,区域网,,,88,B367,串河,121.3319**,32.0455**,天汾镇串河村,5
GC2000000025,郯庐带及其周缘,区域网,,,88,B368,幕府山,118.4730**,32.0732**,幕府山风景区（劳山山顶）,5
GC2000000025,郯庐带及其周缘,区域网,,,88,B369,上荣,119.2146**,32.0363**,白兔镇上荣村,5
GC2000000025,郯庐带及其周缘,区域网,,,88,B370,庙镇,121.2179**,31.4225**,庙镇镇东村,5
GC2000000025,郯庐带及其周缘,区域网,,,88,B371,寨门,120.2588**,31.4135**,锡北镇寨门村,5
GC2000000025,郯庐带及其周缘,区域网,,,88,B372,止马岗,117.2365**,31.2272**,冶父山镇田埠村沈西组,5
GC2000000025,郯庐带及其周缘,区域网,,,88,B373,嘉定,121.1385**,31.1794**,同济大学嘉定校区,5
GC2000000025,郯庐带及其周缘,区域网,,,88,B374,阳江,118.4514**,31.1980**,阳江镇成教中心校,5
GC2000000025,郯庐带及其周缘,区域网,,,88,B375,横扇,120.3173**,31.0074**,横扇镇横扇中学,5
GC2000000025,郯庐带及其周缘,区域网,,,88,B376,滴水湖,121.5327**,30.5295**,临港新城上海海事大学,6
GC2000000025,郯庐带及其周缘,区域网,,,88,B377,公堰塥,117.1891**,30.5768**,白湖乡公堰塥村房新村民小组,6
GC2000000025,郯庐带及其周缘,区域网,,,88,B378,新庄,117.5545**,30.5628**,顺安镇沈桥村新河组,6
GC2000000025,郯庐带及其周缘,区域网,,,88,B379,祠山岗,119.3263**,30.5515**,桃州镇安徽省祠山岗茶场七队,6
GC2000000025,郯庐带及其周缘,区域网,,,88,B380,金山,121.1727**,30.5275**,亭林镇油车村渔池,6
GC2000000025,郯庐带及其周缘,区域网,,,88,B381,澉浦,120.4845**,30.2232**,澉浦镇紫金山村,6
GC2000000025,郯庐带及其周缘,区域网,,,88,B382,东沙,122.0911**,30.1712**,东沙镇司基村,6
GC2000000025,郯庐带及其周缘,区域网,,,88,B383,洋山,121.1278**,30.0939**,低塘街道洋山村,6
GC2000000025,郯庐带及其周缘,区域网,,,88,BB01,启东,121.4878**,31.4393**,江苏省启东市和合镇初级中学,6
GC2000000025,郯庐带及其周缘,区域网,,,88,BB02,潍坊,119.0194**,36.4041**,山东省潍坊市潍城区望留街道办事处夏家村,6
GC2000000025,郯庐带及其周缘,区域网,,,88,BB03,平邑,117.3425**,35.3130**,山东省临沂市平邑县平邑镇西贺庄,6
GC2000000025,郯庐带及其周缘,区域网,,,88,BB04,毛刺林场,118.2614**,34.4008**,山东省郯城县泉源镇毛刺林场,6
GC2000000025,郯庐带及其周缘,区域网,,,88,BB05,官墩,118.5405**,34.1268**,江苏省沭阳县官墩乡沭阳地震台,6
GC2000000026,郯庐带区域网,区域网,,,66,B001,长岛,120.4312**,37.5670**,山东省长岛县南长山镇南城村,1
GC2000000026,郯庐带区域网,区域网,,,66,B002,蓬莱,120.5000**,37.4700**,山东省蓬莱市马格庄镇安香丛家村,1
GC2000000026,郯庐带区域网,区域网,,,66,B003,龙口,120.2801**,37.3840**,山东省龙口市新嘉镇位焦村,1
GC2000000026,郯庐带区域网,区域网,,,66,B004,烟台,121.1959**,37.2705**,山东省烟台市芝罘区黄务镇北里村,1
GC2000000026,郯庐带区域网,区域网,,,66,B005,荣城,122.2247**,37.1051**,山东省荣城市城西镇河北隋家村,1
GC2000000026,郯庐带区域网,区域网,,,66,B006,海阳,121.1028**,36.4563**,山东省海阳市东村镇团结村,1
GC2000000026,郯庐带区域网,区域网,,,66,B007,莱阳,120.4414**,36.5874**,山东省莱阳市城厢办事处吴格庄村,1
GC2000000026,郯庐带区域网,区域网,,,66,B009,大丰,120.2709**,33.0944**,江苏省大丰市大中镇泰西村一组,1
GC2000000026,郯庐带区域网,区域网,,,66,B010,海安,120.2274**,32.3014**,江苏省海安县双楼镇罗町村,1
GC2000000026,郯庐带区域网,区域网,,,66,B011,南通,120.5368**,31.5651**,江苏省南通市狼山镇地震台,1
GC2000000026,郯庐带区域网,区域网,,,66,B012,常州,119.5394**,31.4428**,江苏省常州武进市牛塘镇中学,1
GC2000000026,郯庐带区域网,区域网,,,66,B013,常熟,120.4670**,31.4096**,江苏省常熟市兴隆镇中学,1
GC2000000026,郯庐带区域网,区域网,,,66,B014,启东,121.4811**,31.4425**,江苏省启东市和合镇中学,1
GC2000000026,郯庐带区域网,区域网,,,66,B015,苏州,120.3410**,31.1478**,江苏省苏州市横塘镇,1
GC2000000026,郯庐带区域网,区域网,,,66,B017,吴兴,120.1268**,30.5043**,浙江省湖州市八里店镇升山村,1
GC2000000026,郯庐带区域网,区域网,,,66,B019,嵊泗,122.2676**,30.4403**,浙江省嵊泗县菜园镇青沙村,2
GC2000000026,郯庐带区域网,区域网,,,66,B020,垦利,118.4737**,37.3568**,山东省垦利县下镇乡西十四村,2
GC2000000026,郯庐带区域网,区域网,,,66,B021,博兴,118.0459**,37.0937**,山东省博兴县博兴镇伏郑村,2
GC2000000026,郯庐带区域网,区域网,,,66,B022,寿光,118.4388**,36.5370**,山东省寿光市寿光镇北郭家庄村,2
GC2000000026,郯庐带区域网,区域网,,,66,B023,掖县,119.5996**,37.1024**,山东省莱州市莱州镇蒲家洼村,2
GC2000000026,郯庐带区域网,区域网,,,66,B024,平度,119.5567**,36.5089**,山东省平度市蟠桃镇东桃山村,2
GC2000000026,郯庐带区域网,区域网,,,66,B026,临朐,118.3325**,36.3092**,山东省临朐县营子镇窦家洼村,2
GC2000000026,郯庐带区域网,区域网,,,66,B027,淄博,118.0725**,36.4593**,山东省淄博市张店区沣水镇东高庄村,2
GC2000000026,郯庐带区域网,区域网,,,66,B028,沂源,118.0958**,36.1079**,山东省沂源县南麻镇北刘家庄村,2
GC2000000026,郯庐带区域网,区域网,,,66,B029,高密,119.4957**,36.2320**,山东省高密市夏庄镇王党村,2
GC2000000026,郯庐带区域网,区域网,,,66,B030,诸城,119.2824**,35.5916**,山东省诸城市城关镇杨家岭村,2
GC2000000026,郯庐带区域网,区域网,,,66,B031,五莲,119.1257**,35.4533**,山东省五莲县洪凝镇集后村,2
GC2000000026,郯庐带区域网,区域网,,,66,B032,沂南,118.2664**,35.3214**,山东省沂南县界湖镇团山庄村,2
GC2000000026,郯庐带区域网,区域网,,,66,B033,新泰,117.4588**,35.5654**,山东省新泰市市中办事处骆家庄村,2
GC2000000026,郯庐带区域网,区域网,,,66,B034,沂水,118.3849**,35.4525**,山东省沂水县许家湖镇冯家官庄村,2
GC2000000026,郯庐带区域网,区域网,,,66,B035,莒县,118.5185**,35.3445**,山东省莒县城阳镇东村,3
GC2000000026,郯庐带区域网,区域网,,,66,B036,日照,119.2939**,35.2862**,山东省日照市日照街道北小庄村,3
GC2000000026,郯庐带区域网,区域网,,,66,B037,平邑,117.3665**,35.3148**,山东省平邑县平邑镇八埠庄村,3
GC2000000026,郯庐带区域网,区域网,,,66,B038,临沂,118.1090**,35.0549**,山东省临沂市马厂湖镇小山前村,3
GC2000000026,郯庐带区域网,区域网,,,66,B039,莒南,118.5458**,35.0850**,山东省莒南县相邸镇郑家相邸村,3
GC2000000026,郯庐带区域网,区域网,,,66,B040,连云港,119.1663**,34.3575**,江苏省连云港市云台区云台乡前关村十组,3
GC2000000026,郯庐带区域网,区域网,,,66,B041,东海,118.3832**,34.2937**,江苏省东海县石湖乡楚团村,3
GC2000000026,郯庐带区域网,区域网,,,66,B043,苍山,118.0269**,34.5378**,山东省苍山县贾庄乡上砚台岭村,3
GC2000000026,郯庐带区域网,区域网,,,66,B044,台儿庄,117.4180**,34.3476**,山东省台儿庄区彭楼镇碱厂,3
GC2000000026,郯庐带区域网,区域网,,,66,B045,藤县,117.0570**,35.0464**,山东省藤州市姜屯镇大彦西村,3
GC2000000026,郯庐带区域网,区域网,,,66,B046,徐州,117.1429**,34.1671**,江苏徐州市云龙区狮子山乡上店子村,3
GC2000000026,郯庐带区域网,区域网,,,66,B047,睢宁,117.5551**,33.5412**,江苏省睢宁县职业教育中心,3
GC2000000026,郯庐带区域网,区域网,,,66,B048,宿迁,118.1890**,34.0235**,江苏省宿迁市宿豫县嶂山林场,3
GC2000000026,郯庐带区域网,区域网,,,66,B050,灌南,119.1383**,34.0638**,江苏省灌南县李集乡李集二中,3
GC2000000026,郯庐带区域网,区域网,,,66,B051,滨海,119.5011**,34.0148**,江苏省滨海县坎北乡明达中学,3
GC2000000026,郯庐带区域网,区域网,,,66,B052,上冈,0.0090**,33.3336**,江苏省建湖县上冈镇盐城农校,4
GC2000000026,郯庐带区域网,区域网,,,66,B053,清江,119.0023**,33.3096**,江苏省淮阴市城南乡（淮穗鸽业）,4
GC2000000026,郯庐带区域网,区域网,,,66,B054,泗阳,118.4058**,33.4534**,江苏省泗阳县果园乡(农科所),4
GC2000000026,郯庐带区域网,区域网,,,66,B055,泗洪,118.1107**,33.2892**,江苏省泗洪县83424部队一营,4
GC2000000026,郯庐带区域网,区域网,,,66,B056,泗县,117.5358**,33.2854**,安徽省泗县烈士陵园,4
GC2000000026,郯庐带区域网,区域网,,,66,B057,灵壁,117.3353**,33.3320**,安徽省灵璧县人民武装部仓库,4
GC2000000026,郯庐带区域网,区域网,,,66,B058,宿县,116.5974**,33.3880**,安徽省宿州市雪枫公园,4
GC2000000026,郯庐带区域网,区域网,,,66,B059,宝应,119.2589**,33.1040**,江苏省宝应县小官庄镇(监测站),4
GC2000000026,郯庐带区域网,区域网,,,66,B060,天长,119.0216**,32.4458**,安徽省天长市职业教育中心,4
GC2000000026,郯庐带区域网,区域网,,,66,B061,盱眙,118.2867**,32.5861**,江苏省盱眙县古桑乡磨涧村李岗,4
GC2000000026,郯庐带区域网,区域网,,,66,B062,定远,117.4256**,32.3341**,安徽省定远县定城镇泉坞山村山头郭,4
GC2000000026,郯庐带区域网,区域网,,,66,B064,凤台,116.4135**,32.4379**,安徽省凤台县民兵训练基地,4
GC2000000026,郯庐带区域网,区域网,,,66,B065,长丰,117.0659**,32.2990**,安徽省长丰县水湖镇裴户村桃园组,4
GC2000000026,郯庐带区域网,区域网,,,66,B066,滁县,0.0021**,32.1793**,安徽省滁州市73042部队训练场西侧,4
GC2000000026,郯庐带区域网,区域网,,,66,B067,扬州,119.2998**,32.2426**,江苏省扬州市广陵区湾头镇联合村,4
GC2000000026,郯庐带区域网,区域网,,,66,B069,和县,118.2075**,31.4351**,安徽省和县历阳镇城西行政村蒋街自然村,5
GC2000000026,郯庐带区域网,区域网,,,66,B070,巢县,117.4881**,31.3994**,安徽省巢湖市夏阁镇大庙大队周黄,5
GC2000000026,郯庐带区域网,区域网,,,66,B071,合肥,0.0016**,31.5150**,安徽省肥东县龙岗镇马岗村彭岗组,5
GC2000000026,郯庐带区域网,区域网,,,66,B072,桐城,116.5856**,31.0530**,安徽省桐城市太平街道办事处双风村,5
GC2000000026,郯庐带区域网,区域网,,,66,B073,繁昌,118.1395**,31.0505**,安徽繁昌县峨山乡凤形村前冲,5
GC2000000026,郯庐带区域网,区域网,,,66,B074,溧阳,119.2778**,31.2207**,江苏省溧阳市茶亭镇屏峰村,5
GC2000000027,新疆GPS锁网图(H锁),区域网,44.5420,81.3861,0,,,,,,
GC2000000028,新疆区域网,区域网,,,205,G062,祁连,100.1464**,38.1127**,青海省祁连县八宝乡下庄村,1
GC2000000028,新疆区域网,区域网,,,205,I001,伊吾,94.4054**,43.1473**,新疆伊吾县气象局甘石路85号,1
GC2000000028,新疆区域网,区域网,,,205,I002,巴里坤,92.5973**,43.3677**,新疆巴里坤哈萨克自治县老气象局,1
GC2000000028,新疆区域网,区域网,,,205,I003,七角井,91.2852**,43.2952**,新疆哈密市七角井镇,1
GC2000000028,新疆区域网,区域网,,,205,I004,木垒,90.1643**,43.4962**,新疆木垒哈萨克自治县气象局,1
GC2000000028,新疆区域网,区域网,,,205,I006,鄯善,90.1530**,42.5396**,新疆鄯善县城建局园林管理处东果园,1
GC2000000028,新疆区域网,区域网,,,205,I008,哈巴河,86.2442**,48.0384**,新疆哈巴河县团结南路县气象局,1
GC2000000028,新疆区域网,区域网,,,205,I009,布尔津,86.5272**,47.4299**,新疆布尔津县编织袋厂,1
GC2000000028,新疆区域网,区域网,,,205,I010,可可托海,89.4790**,47.1235**,新疆富蕴县可可托海镇,1
GC2000000028,新疆区域网,区域网,,,205,I011,富蕴,89.3051**,46.5912**,新疆富蕴县文化西路县气象局,1
GC2000000028,新疆区域网,区域网,,,205,I012,福海,87.3083**,47.0823**,新疆福海县阿尔达乡中心学校,1
GC2000000028,新疆区域网,区域网,,,205,I013,黑山头,86.3680**,47.0596**,新疆吉木乃县黑山头,1
GC2000000028,新疆区域网,区域网,,,205,I014,吉木乃,85.5237**,47.2688**,新疆吉木乃县气象局,1
GC2000000028,新疆区域网,区域网,,,205,I015,青河,90.2066**,46.4037**,新疆青河县青河镇,1
GC2000000028,新疆区域网,区域网,,,205,I016,和布克赛尔,85.4291**,46.4725**,新疆和布克赛尔蒙古自治县公安局看守所,1
GC2000000028,新疆区域网,区域网,,,205,I017,二台,90.0925**,46.0310**,新疆青河县萨尔托海乡（二台）,2
GC2000000028,新疆区域网,区域网,,,205,I018,乌尔禾,85.4157**,46.0694**,新疆克拉玛依市乌尔禾区,2
GC2000000028,新疆区域网,区域网,,,205,I019,火烧山,89.0052**,44.5550**,新疆吉木萨尔县火烧山,2
GC2000000028,新疆区域网,区域网,,,205,I020,奇台,89.3769**,43.5997**,新疆奇台县石油公司东大桥油库,2
GC2000000028,新疆区域网,区域网,,,205,I021,阜康,87.5613**,44.0936**,新疆阜康市城关镇中心小学,2
GC2000000028,新疆区域网,区域网,,,205,I023,玛纳斯,86.1318**,44.1785**,新疆玛纳斯县乌伊路63号县气象局,2
GC2000000028,新疆区域网,区域网,,,205,I025,达坂城,88.1919**,43.2159**,新疆乌鲁木齐市达坂城镇气象站,2
GC2000000028,新疆区域网,区域网,,,205,I026,后峡,87.1019**,43.1517**,新疆乌鲁木齐市沙依巴克区板房沟乡后峡,2
GC2000000028,新疆区域网,区域网,,,205,I027,托克逊,88.3748**,42.4805**,新疆托克逊县郭若布依乡开斯克尔学校,2
GC2000000028,新疆区域网,区域网,,,205,I028,和静,86.2166**,42.2125**,新疆和静县69225部队（坦克团）,2
GC2000000028,新疆区域网,区域网,,,205,I029,乌什塔拉,87.1666**,42.1444**,新疆和硕县乌什塔拉乡89800部队教导大,2
GC2000000028,新疆区域网,区域网,,,205,I030,库尔楚,85.3160**,41.5449**,新疆生产建设兵团农二师30团建筑公司,2
GC2000000028,新疆区域网,区域网,,,205,I032,三十三团,87.1131**,40.5046**,新疆尉犁县农二师三十三团,2
GC2000000028,新疆区域网,区域网,,,205,I033,阿拉干,88.1504**,40.1607**,新疆若羌县铁克里乡阿拉干村,2
GC2000000028,新疆区域网,区域网,,,205,I034,若羌,88.1142**,39.0185**,新疆若羌县气象局,2
GC2000000028,新疆区域网,区域网,,,205,I035,拜什托格拉克,86.5830**,38.3014**,新疆且末县塔什沙依养护公司,3
GC2000000028,新疆区域网,区域网,,,205,I037,塔城,82.5292**,46.4959**,新疆塔城市加曼奇边防连,3
GC2000000028,新疆区域网,区域网,,,205,I038,托里,83.3590**,45.5635**,新疆托里县气象局,3
GC2000000028,新疆区域网,区域网,,,205,I039,克拉玛依,84.5186**,45.3750**,新疆克拉玛依市,3
GC2000000028,新疆区域网,区域网,,,205,I040,温泉,81.0142**,44.5886**,新疆温泉县公安局道浪特边防派出所,3
GC2000000028,新疆区域网,区域网,,,205,I041,博乐,82.0730**,44.5497**,新疆博乐市乌图布拉格镇第七小学,3
GC2000000028,新疆区域网,区域网,,,205,I042,精河,82.5596**,44.3705**,新疆精河县盐化厂,3
GC2000000028,新疆区域网,区域网,,,205,I043,古尔图,83.5478**,44.2807**,新疆塔城地区奎屯河流域管理处古尔图,3
GC2000000028,新疆区域网,区域网,,,205,I044,独山子气象站,84.5274**,44.2100**,新疆克拉玛依市独山子区北京路气象站,3
GC2000000028,新疆区域网,区域网,,,205,I045,乔尔玛,84.2077**,43.3956**,新疆尼勒克县乔尔玛,3
GC2000000028,新疆区域网,区域网,,,205,I046,尼勒克,82.3042**,43.4799**,新疆尼勒克县,3
GC2000000028,新疆区域网,区域网,,,205,I047,伊宁,81.2399**,43.5665**,新疆伊宁市伊犁地区农业科学研究所,3
GC2000000028,新疆区域网,区域网,,,205,I048,霍城,80.5166**,44.0342**,新疆霍城县自来水公司水厂,3
GC2000000028,新疆区域网,区域网,,,205,I050,巩留,82.1384**,43.2875**,新疆巩留县气象局,3
GC2000000028,新疆区域网,区域网,,,205,I051,巩乃斯,84.3232**,43.1604**,新疆和静县巩乃斯乡呼图开勒村,3
GC2000000028,新疆区域网,区域网,,,205,I052,昭苏,81.0730**,43.0852**,新疆昭苏县气象局,4
GC2000000028,新疆区域网,区域网,,,205,I053,巴音布鲁克,84.0984**,43.0160**,新疆和静县巴音布鲁克镇汽车站,4
GC2000000028,新疆区域网,区域网,,,205,I054,天河站,83.0715**,42.0859**,新疆库车县阿艾乡天河站,4
GC2000000028,新疆区域网,区域网,,,205,I055,拜城,81.4822**,41.4851**,新疆拜城县城关乡铁提尔村,4
GC2000000028,新疆区域网,区域网,,,205,I056,轮台,84.1407**,41.4669**,新疆轮台县新星西路4号县气象局,4
GC2000000028,新疆区域网,区域网,,,205,I057,库车,82.5885**,41.4218**,新疆库车县文化路5号,4
GC2000000028,新疆区域网,区域网,,,205,I058,大尤都斯,82.2093**,41.2975**,新疆新和县玉拾喀特乡新和棉麻五厂,4
GC2000000028,新疆区域网,区域网,,,205,I059,察尔齐,81.2082**,41.3670**,新疆拜城县察尔齐农场管理委员会,4
GC2000000028,新疆区域网,区域网,,,205,I060,沙雅,82.4709**,41.1264**,新疆沙雅县气象局,4
GC2000000028,新疆区域网,区域网,,,205,I061,阿克苏,80.1448**,41.0871**,新疆阿克苏市城乡建设局园林处苗圃,4
GC2000000028,新疆区域网,区域网,,,205,I062,阿瓦提,80.2347**,40.3837**,新疆阿瓦提县镇公社乡团结村气象站,4
GC2000000028,新疆区域网,区域网,,,205,I063,塔中以北,84.2054**,40.1369**,新疆轮台县,4
GC2000000028,新疆区域网,区域网,,,205,I064,塔中,83.3652**,39.0047**,新疆且末县塔中,4
GC2000000028,新疆区域网,区域网,,,205,I065,塔中以南,83.0901**,38.1553**,新疆民丰县,4
GC2000000028,新疆区域网,区域网,,,205,I066,安迪尔兰干,83.4898**,37.3545**,新疆民丰县安迪尔乡安迪尔兰干,4
GC2000000028,新疆区域网,区域网,,,205,I067,民丰,82.4130**,37.0215**,新疆民丰县尼雅道班,5
GC2000000028,新疆区域网,区域网,,,205,I068,于田,81.3932**,36.5090**,新疆于田县水泥厂,5
GC2000000028,新疆区域网,区域网,,,205,I069,叶亦克,82.5938**,36.4405**,新疆民丰县叶亦克乡阿依塔克,5
GC2000000028,新疆区域网,区域网,,,205,I070,普鲁,81.2886**,36.2776**,新疆于田县新渠首电站,5
GC2000000028,新疆区域网,区域网,,,205,I072,阿合奇,78.2785**,40.5604**,新疆阿合奇县气象局,5
GC2000000028,新疆区域网,区域网,,,205,I073,柯坪,79.0229**,40.3005**,新疆柯坪县健康路21号县气象局,5
GC2000000028,新疆区域网,区域网,,,205,I074,哈拉峻,76.5345**,40.1232**,新疆阿图什市哈拉峻乡,5
GC2000000028,新疆区域网,区域网,,,205,I075,克拉克勤,78.0225**,39.4272**,新疆巴楚县红海乡克拉克勤,5
GC2000000028,新疆区域网,区域网,,,205,I076,巴楚,78.3217**,39.4620**,新疆巴楚县新城小学,5
GC2000000028,新疆区域网,区域网,,,205,I077,苏滚,76.3074**,39.4881**,新疆阿图什市（农三师）红旗农场一连,5
GC2000000028,新疆区域网,区域网,,,205,I078,乌恰,75.1512**,39.4379**,新疆乌恰县气象局,5
GC2000000028,新疆区域网,区域网,,,205,I079,伽师,76.4445**,39.2925**,新疆伽师县气象局,5
GC2000000028,新疆区域网,区域网,,,205,I081,阿克陶,75.5389**,39.1103**,新疆阿克陶县棉麻公司第二轧花厂,5
GC2000000028,新疆区域网,区域网,,,205,I082,麦盖提,77.3777**,38.5435**,新疆麦盖提县教育局仓库,5
GC2000000028,新疆区域网,区域网,,,205,I083,英吉沙,76.1052**,38.5677**,新疆英吉沙县气象局,5
GC2000000028,新疆区域网,区域网,,,205,I084,泽普,77.1640**,38.1076**,新疆泽普县农资仓库库房,6
GC2000000028,新疆区域网,区域网,,,205,I086,皮山,78.1498**,37.3350**,新疆皮山县固玛镇沙安村,6
GC2000000028,新疆区域网,区域网,,,205,I087,和田,79.5742**,37.0585**,新疆和田公路部段和布公路段,6
GC2000000028,新疆区域网,区域网,,,205,I088,红其拉甫,75.2607**,36.5160**,新疆塔什库尔干自治县红其拉甫,6
GC2000000028,新疆区域网,区域网,,,205,I089,乌鲁克恰提,74.2020**,39.5054**,新疆乌恰县乌鲁克恰提乡恰提村,6
GC2000000028,新疆区域网,区域网,,,205,I090,布伦库勒,74.5754**,38.3941**,新疆阿克陶县布伦口乡,6
GC2000000028,新疆区域网,区域网,,,205,I301,白哈巴,86.4813**,48.4136**,铁热克乡阿克（白）哈巴村,6
GC2000000028,新疆区域网,区域网,,,205,I302,禾木,87.2738**,48.3407**,喀纳斯景区禾木乡禾木村,6
GC2000000028,新疆区域网,区域网,,,205,I303,桑得克,85.3842**,48.1253**,,6
GC2000000028,新疆区域网,区域网,,,205,I304,奎屯岭,86.3796**,48.1639**,团结乡奎屯岭,6
GC2000000028,新疆区域网,区域网,,,205,I305,喀拉克木尔,87.0951**,48.0606**,冲乎尔乡喀拉克木尔村一组,6
GC2000000028,新疆区域网,区域网,,,205,I306,阿勒泰,88.0922**,47.4632**,红墩镇阔克沙孜村一队,6
GC2000000028,新疆区域网,区域网,,,205,I307,盐池,87.3188**,47.4466**,盐池乡（阿拉哈克乡）窝依玛克村,6
GC2000000028,新疆区域网,区域网,,,205,I308,多尔根,87.4744**,47.4453**,切木尔切克乡多尔根,6
GC2000000028,新疆区域网,区域网,,,205,I309,萨尔布拉克,88.3922**,47.3343**,齐干吉迭乡萨尔布拉克村,6
GC2000000028,新疆区域网,区域网,,,205,I310,大桥林场,89.3825**,47.2002**,大桥林场,7
GC2000000028,新疆区域网,区域网,,,205,I311,北屯,87.5342**,47.2405**,二牧场六分场白山头,7
GC2000000028,新疆区域网,区域网,,,205,I312,喀拉塑克,88.5078**,47.0589**,喀拉塑克（喀拉塑克水库管理处）,7
GC2000000028,新疆区域网,区域网,,,205,I313,达因苏,84.1819**,46.5319**,165团场5连白土矿,7
GC2000000028,新疆区域网,区域网,,,205,I314,额敏县,83.3655**,46.3324**,郊区乡甘泉村,7
GC2000000028,新疆区域网,区域网,,,205,I315,白杨河,84.5871**,46.3267**,白杨河水源地,7
GC2000000028,新疆区域网,区域网,,,205,I316,阿勒泰氮肥矿,86.0495**,46.2868**,和什托洛盖镇,7
GC2000000028,新疆区域网,区域网,,,205,I317,巴依斯,89.4108**,46.2527**,恰库尔图镇巴依斯村,7
GC2000000028,新疆区域网,区域网,,,205,I318,顶山,87.5662**,46.3007**,喀拉玛盖乡顶山,7
GC2000000028,新疆区域网,区域网,,,205,I319,阿尕什敖包,90.2554**,46.1769**,阿尕什敖包乡,7
GC2000000028,新疆区域网,区域网,,,205,I320,查干屯格,86.2296**,46.1662**,184团场,7
GC2000000028,新疆区域网,区域网,,,205,I321,塔克什肯海,90.5125**,46.0918**,塔克什肯镇,7
GC2000000028,新疆区域网,区域网,,,205,I322,希勒阔腊,89.3173**,46.0524**,恰库尔图镇希勒阔腊村,7
GC2000000028,新疆区域网,区域网,,,205,I323,哈尔扎克林管站,86.1866**,45.2640**,夏孜盖乡哈尔扎克,7
GC2000000028,新疆区域网,区域网,,,205,I324,萨尔托海,90.0813**,45.5538**,萨尔托海乡,7
GC2000000028,新疆区域网,区域网,,,205,I325,三个泉,87.4926**,45.4060**,喀拉玛盖乡三个泉,8
GC2000000028,新疆区域网,区域网,,,205,I326,庙尔沟,83.5036**,45.3190**,庙尔沟镇,8
GC2000000028,新疆区域网,区域网,,,205,I327,阿热勒,90.1236**,45.3322**,阿热勒乡（黑山）,8
GC2000000028,新疆区域网,区域网,,,205,I328,喀木斯特,89.2543**,45.2356**,喀木斯特,8
GC2000000028,新疆区域网,区域网,,,205,I329,老君庙,90.3058**,44.2883**,雀仁乡老君庙,8
GC2000000028,新疆区域网,区域网,,,205,I330,阿尔夏提,81.3818**,45.1098**,哈日布呼镇阿尔夏提村,8
GC2000000028,新疆区域网,区域网,,,205,I331,阿拉山口,82.3766**,45.1206**,阿拉山口,8
GC2000000028,新疆区域网,区域网,,,205,I332,团结新村,85.1399**,45.0364**,小拐镇团结新村,8
GC2000000028,新疆区域网,区域网,,,205,I333,150团11连,86.0846**,44.5701**,150团11连,8
GC2000000028,新疆区域网,区域网,,,205,I334,大石头,91.1086**,43.4595**,大石头乡,8
GC2000000028,新疆区域网,区域网,,,205,I335,红柳沟,90.0585**,45.0439**,红柳沟,8
GC2000000028,新疆区域网,区域网,,,205,I336,将军庙,89.5996**,44.3738**,西地镇将军庙,8
GC2000000028,新疆区域网,区域网,,,205,I337,四台,81.4207**,44.3974**,四台,8
GC2000000028,新疆区域网,区域网,,,205,I338,130团12连,84.5214**,44.3586**,130团12连,8
GC2000000028,新疆区域网,区域网,,,205,I339,103团14连,87.2595**,44.3690**,103团14连,8
GC2000000028,新疆区域网,区域网,,,205,I340,三台,81.1953**,44.3138**,三台,9
GC2000000028,新疆区域网,区域网,,,205,I341,元兴宫,85.2487**,44.1422**,安集海镇元兴宫村二组,9
GC2000000028,新疆区域网,区域网,,,205,I342,野马中心,88.4413**,44.1297**,三台镇野马中心,9
GC2000000028,新疆区域网,区域网,,,205,I343,62团,80.2693**,44.1097**,农四师62团,9
GC2000000028,新疆区域网,区域网,,,205,I344,段家地,92.1388**,44.1004**,博尔羌吉镇段家地,9
GC2000000028,新疆区域网,区域网,,,205,I345,一三一团场畜牧连,84.4730**,44.1055**,一三一团场畜牧连巴音沟部队,9
GC2000000028,新疆区域网,区域网,,,205,I346,托里乡,82.4793**,44.1578**,托里乡查干木屯村,9
GC2000000028,新疆区域网,区域网,,,205,I347,牛圈湖,94.0672**,43.5905**,八嫱子乡牛圈湖村,9
GC2000000028,新疆区域网,区域网,,,205,I348,宁家河水管站,85.3570**,43.5796**,牛圈子牧场萨尔托干村,9
GC2000000028,新疆区域网,区域网,,,205,I349,白杨沟,84.2310**,44.1257**,白杨沟镇乌木克村,9
GC2000000028,新疆区域网,区域网,,,205,I350,雀儿沟,86.2828**,43.5432**,雀儿沟镇霍斯铁热克村,9
GC2000000028,新疆区域网,区域网,,,205,I351,大有,89.0307**,43.5140**,大有乡七家地,9
GC2000000028,新疆区域网,区域网,,,205,I352,艾格斯苏,94.5595**,43.4771**,淖毛湖镇淖毛湖四连,9
GC2000000028,新疆区域网,区域网,,,205,I353,种蜂场,83.3047**,43.4669**,种蜂繁殖场吐尔梗恰干沟,9
GC2000000028,新疆区域网,区域网,,,205,I354,契格里克麻扎,81.4485**,43.3804**,契格里克麻扎村,9
GC2000000028,新疆区域网,区域网,,,205,I355,落把场,86.5708**,43.3031**,庙尔沟乡落把场,10
GC2000000028,新疆区域网,区域网,,,205,I356,加格斯台,81.0753**,43.2903**,加格斯台乡加格斯台村,10
GC2000000028,新疆区域网,区域网,,,205,I357,七户,89.5158**,43.3631**,七户乡七户村一组,10
GC2000000028,新疆区域网,区域网,,,205,I358,柴窝堡,87.5771**,43.3069**,柴窝堡,10
GC2000000028,新疆区域网,区域网,,,205,I359,板房沟,87.2483**,43.3004**,板房沟乡合胜村,10
GC2000000028,新疆区域网,区域网,,,205,I360,塔什布拉克,93.5980**,43.2558**,前山哈萨克族乡塔什布拉克大字沟一分场,10
GC2000000028,新疆区域网,区域网,,,205,I361,古龙沟,86.0350**,43.0269**,巴伦台镇古龙沟村,10
GC2000000028,新疆区域网,区域网,,,205,I362,那拉提,84.0405**,43.1927**,那拉提镇阿拉善村拜格托别组,10
GC2000000028,新疆区域网,区域网,,,205,I363,阔克塔力,82.5082**,43.1563**,莫乎尔乡阔克塔力村,10
GC2000000028,新疆区域网,区域网,,,205,I364,七泉湖,89.1879**,43.1257**,七泉湖镇西戈壁,10
GC2000000028,新疆区域网,区域网,,,205,I365,特克斯,81.5332**,43.0927**,矿务局镍矿厂,10
GC2000000028,新疆区域网,区域网,,,205,I366,了墩,92.2161**,43.1592**,三道岭办事处了墩,10
GC2000000028,新疆区域网,区域网,,,205,I367,小草湖,88.3057**,43.0733**,克尔碱镇小草湖,10
GC2000000028,新疆区域网,区域网,,,205,I368,加拉木特,85.2959**,43.0686**,乌苏牧场,10
GC2000000028,新疆区域网,区域网,,,205,I369,吐尔根,83.2843**,43.3140**,吐尔根乡吐尔根农场二大队,10
GC2000000028,新疆区域网,区域网,,,205,I370,吐峪沟,89.3816**,42.4958**,吐峪沟乡夏村,11
GC2000000028,新疆区域网,区域网,,,205,I371,鱼儿沟,87.5168**,42.4932**,鱼儿沟,11
GC2000000028,新疆区域网,区域网,,,205,I372,察汗乌苏,80.4492**,42.4325**,察汗乌苏蒙古民族乡,11
GC2000000028,新疆区域网,区域网,,,205,I373,巴西里克,84.2518**,42.4604**,巴音乌鲁乡巴西里克村,11
GC2000000028,新疆区域网,区域网,,,205,I374,巴伦台,86.1513**,42.3835**,巴伦台镇巴伦台村,11
GC2000000028,新疆区域网,区域网,,,205,I375,畜牧营,81.5484**,43.0175**,七十八团畜牧营,11
GC2000000028,新疆区域网,区域网,,,205,I376,苏力涧,83.4150**,42.4175**,巴音郭楞乡苏力涧村,11
GC2000000028,新疆区域网,区域网,,,205,I377,天山,80.2044**,42.4194**,天山乡,11
GC2000000028,新疆区域网,区域网,,,205,I378,博斯坦,84.2532**,42.0357**,阳霞镇博斯坦村,11
GC2000000028,新疆区域网,区域网,,,205,I379,库米什,88.1216**,42.1464**,库米什镇,11
GC2000000028,新疆区域网,区域网,,,205,I380,焉耆,86.3629**,42.0204**,气象局,11
GC2000000028,新疆区域网,区域网,,,205,I381,苏杭,81.3614**,42.0356**,铁热克镇苏杭村,11
GC2000000028,新疆区域网,区域网,,,205,I382,康村,83.0258**,41.5759**,阿格乡康村,11
GC2000000028,新疆区域网,区域网,,,205,I383,克孜尔,82.2643**,41.5143**,克孜尔乡米斯买里村,11
GC2000000028,新疆区域网,区域网,,,205,I384,库尔干,79.4216**,41.3997**,吐木秀克镇,11
GC2000000028,新疆区域网,区域网,,,205,I385,阿特奥依纳特,80.0381**,41.3928**,吐木秀克镇4团牧点,12
GC2000000028,新疆区域网,区域网,,,205,I386,库米什金矿,89.0729**,41.3898**,库米什镇黑山沟,12
GC2000000028,新疆区域网,区域网,,,205,I387,兴地,87.2615**,41.1739**,古勒巴格乡兴地村,12
GC2000000028,新疆区域网,区域网,,,205,I388,哈拉奇,77.5665**,40.5298**,哈拉奇乡,12
GC2000000028,新疆区域网,区域网,,,205,I389,罗布泊北,91.1965**,41.0098**,罗布泊镇罗北基地,12
GC2000000028,新疆区域网,区域网,,,205,I390,塔里木,83.1131**,41.0473**,塔里木乡拜什托格拉克村,12
GC2000000028,新疆区域网,区域网,,,205,I391,12团,81.1858**,40.2959**,南口农场十一连田地,12
GC2000000028,新疆区域网,区域网,,,205,I392,托云,75.2138**,40.3009**,托云乡吐尔尕特,12
GC2000000028,新疆区域网,区域网,,,205,I393,皮羌,77.3730**,40.2029**,哈拉峻乡皮羌村,12
GC2000000028,新疆区域网,区域网,,,205,I394,53团,79.2617**,40.0221**,农三师53团林业工作站,12
GC2000000028,新疆区域网,区域网,,,205,I395,伽师总场,77.2610**,39.3795**,伽师总场三连,12
GC2000000028,新疆区域网,区域网,,,205,I396,亚瓦格,75.5984**,39.3306**,,12
GC2000000028,新疆区域网,区域网,,,205,I397,乌帕尔乡,75.3405**,39.1965**,乌帕尔乡,12
GC2000000028,新疆区域网,区域网,,,205,I398,琼吐尔,88.1266**,39.1618**,吾塔木乡琼吐尔,12
GC2000000028,新疆区域网,区域网,,,205,I399,木吉,74.2593**,39.0150**,木吉乡,12
GC2000000028,新疆区域网,区域网,,,205,I400,龙口,88.5535**,38.5967**,铁干里克乡龙口村,13
GC2000000028,新疆区域网,区域网,,,205,I401,奥依塔克,75.2491**,38.5725**,奥依塔克镇奥依塔克村,13
GC2000000028,新疆区域网,区域网,,,205,I402,布伦口,74.5011**,38.5128**,布伦口乡恰克尔艾格勒村,13
GC2000000028,新疆区域网,区域网,,,205,I403,卡拉苏,74.5531**,38.1369**,卡拉苏乡,13
GC2000000028,新疆区域网,区域网,,,205,I404,恰热克,76.3984**,38.2254**,恰热克镇,13
GC2000000028,新疆区域网,区域网,,,205,I405,且末,85.3460**,38.0301**,琼库勒乡,13
GC2000000028,新疆区域网,区域网,,,205,I406,喀瓦克,80.1853**,37.5301**,喀瓦克乡吐孜鲁克奥塔克村,13
GC2000000028,新疆区域网,区域网,,,205,I407,库克西鲁格,75.4653**,37.5034**,库克西鲁格,13
GC2000000028,新疆区域网,区域网,,,205,I408,秦布拉克,86.1032**,37.3541**,库拉木勒克乡秦布拉克村,13
GC2000000028,新疆区域网,区域网,,,205,I409,布那克,77.2171**,37.3049**,乌夏巴什镇布那克村,13
GC2000000028,新疆区域网,区域网,,,205,I410,达布达尔,75.2224**,37.2133**,达布达尔乡,13
GC2000000028,新疆区域网,区域网,,,205,I411,柯克亚,77.0296**,37.0841**,柯克亚乡阿克美其特村,13
GC2000000028,新疆区域网,区域网,,,205,I412,脑齐,84.3135**,37.0745**,阿羌乡脑齐,13
GC2000000028,新疆区域网,区域网,,,205,I413,库地,76.5846**,36.5098**,西合休乡库地小队,13
GC2000000028,新疆区域网,区域网,,,205,I414,通古孜鲁克,79.5428**,36.4963**,喀什塔什乡通古孜鲁克村,13
GC2000000028,新疆区域网,区域网,,,205,I415,库牙克,83.3696**,36.4323**,叶亦克乡,14
GC2000000028,新疆区域网,区域网,,,205,I416,巴什兰干,77.5095**,37.2307**,巴什兰干乡,14
GC2000000028,新疆区域网,区域网,,,205,I417,杜瓦镇,78.5969**,37.0663**,杜瓦镇,14
GC2000000028,新疆区域网,区域网,,,205,I418,喀什塔什,79.5979**,36.2344**,喀什塔什乡,14
GC2000000028,新疆区域网,区域网,,,205,I419,三十里营房,78.0493**,36.2064**,康克尔柯尔克孜族乡三十里营房,14
GC2000000028,新疆区域网,区域网,,,205,I420,南山口,93.4233**,43.0660**,天山乡石城子村,14
GC2000000028,新疆区域网,区域网,,,205,I421,吐尔洪,89.5638**,46.5807**,吐尔洪乡,14
GC2000000028,新疆区域网,区域网,,,205,I422,阿拉特克林管站,83.4160**,44.2022**,阿拉特克,14
GC2000000028,新疆区域网,区域网,,,205,I423,琼库什太,82.1043**,42.5441**,喀拉达拉乡琼库什太,14
GC2000000028,新疆区域网,区域网,,,205,IN01,大丰,86.3220**,44.0442**,新疆呼图壁县大丰镇红山地震台,14
GC2000000029,重庆市 GPS监测网,区域网,29.4054,107.2471,0,,,,,,
GC2000000030,四川网,未分类、不明确,102.3766,28.5136,0,,,,,,